neuron_id,lag,time,cc,session_name,bin_width,state
4,0,0.0,0.09637650571687224,ESHOCK_03_LOC1,0.05,sw
5,0,0.0,0.1039995223472145,ESHOCK_03_LOC1,0.05,sw
6,0,0.0,0.034494079095341225,ESHOCK_03_LOC1,0.05,sw
8,0,0.0,0.039625778690633676,ESHOCK_03_LOC1,0.05,sw
9,0,0.0,0.009756663334193453,ESHOCK_04_LOC1,0.05,sw
17,0,0.0,-0.007992889208099494,ESHOCK_04_LOC1,0.05,sw
18,0,0.0,0.006639340442917542,ESHOCK_04_LOC1,0.05,sw
22,0,0.0,-0.003240776601885313,ESHOCK_04_LOC1,0.05,sw
31,0,0.0,-0.010442846795542741,ESHOCK_04_LOC1,0.05,sw
32,0,0.0,-0.006257028918080735,ESHOCK_04_LOC1,0.05,sw
33,0,0.0,-0.004047784863789007,ESHOCK_04_LOC1,0.05,sw
34,0,0.0,-0.010562849283380192,ESHOCK_04_LOC1,0.05,sw
35,0,0.0,-0.003966157372515957,ESHOCK_04_LOC1,0.05,sw
36,0,0.0,-0.03233362021703698,ESHOCK_04_LOC1,0.05,sw
37,0,0.0,-0.009165772691835048,ESHOCK_04_LOC1,0.05,sw
38,0,0.0,-0.020561468718051517,ESHOCK_04_LOC1,0.05,sw
41,0,0.0,0.0024539388424883236,ESHOCK_04_LOC1,0.05,sw
43,0,0.0,-0.005902514737469785,ESHOCK_04_LOC1,0.05,sw
45,0,0.0,-0.0028276818038520933,ESHOCK_04_LOC1,0.05,sw
48,0,0.0,-0.008776805242955314,ESHOCK_06_LOC1,0.05,sw
51,0,0.0,-0.0006772549320931498,ESHOCK_06_LOC1,0.05,sw
55,0,0.0,-0.0018136308303568567,ESHOCK_06_LOC1,0.05,sw
57,0,0.0,-0.01033609857052445,ESHOCK_06_LOC1,0.05,sw
59,0,0.0,0.0033480253897193767,ESHOCK_06_LOC1,0.05,sw
60,0,0.0,0.020581698249047712,ESHOCK_06_LOC1,0.05,sw
64,0,0.0,0.040965971015993974,ESHOCK_06_LOC1,0.05,sw
69,0,0.0,0.014035715208787339,ESHOCK_06_LOC1,0.05,sw
71,0,0.0,0.003979561861114285,ESHOCK_06_LOC1,0.05,sw
73,0,0.0,-0.011191699257845324,ESHOCK_06_LOC1,0.05,sw
74,0,0.0,-0.02170499294526002,ESHOCK_06_LOC1,0.05,sw
75,0,0.0,0.032316503441207414,ESHOCK_06_LOC1,0.05,sw
76,0,0.0,-0.005053196679954734,ESHOCK_06_LOC1,0.05,sw
77,0,0.0,0.014940127513865037,ESHOCK_06_LOC1,0.05,sw
81,0,0.0,-0.0008278892249884075,ESHOCK_07_LOC1,0.05,sw
82,0,0.0,0.012364467283384313,ESHOCK_07_LOC1,0.05,sw
89,0,0.0,0.02414578637386792,ESHOCK_07_LOC1,0.05,sw
91,0,0.0,0.004288959475054067,ESHOCK_07_LOC1,0.05,sw
93,0,0.0,0.03874701045003487,ESHOCK_07_LOC1,0.05,sw
94,0,0.0,-0.023879755821452422,ESHOCK_07_LOC1,0.05,sw
95,0,0.0,0.025053836164200188,ESHOCK_07_LOC1,0.05,sw
98,0,0.0,0.04072957296970212,ESHOCK_08_LOC1,0.05,sw
100,0,0.0,0.13425116807478385,ESHOCK_08_LOC1,0.05,sw
102,0,0.0,0.03934637077068213,ESHOCK_08_LOC1,0.05,sw
103,0,0.0,0.10151643094677004,ESHOCK_08_LOC1,0.05,sw
104,0,0.0,0.0451876864641774,ESHOCK_08_LOC1,0.05,sw
111,0,0.0,0.060374567867572684,ESHOCK_08_LOC1,0.05,sw
113,0,0.0,0.049141289651514194,ESHOCK_08_LOC1,0.05,sw
114,0,0.0,0.298836333557421,ESHOCK_08_LOC1,0.05,sw
115,0,0.0,0.0807407178288504,ESHOCK_08_LOC1,0.05,sw
120,0,0.0,0.23652291209029103,ESHOCK_08_LOC1,0.05,sw
122,0,0.0,0.31080780125887064,ESHOCK_08_LOC1,0.05,sw
132,0,0.0,0.013223592641845763,ESHOCK_09_LOC1,0.05,sw
144,0,0.0,0.09798999843689622,ESHOCK_09_LOC1,0.05,sw
145,0,0.0,-0.008164959150657071,ESHOCK_09_LOC1,0.05,sw
152,0,0.0,0.15478015591789623,ESHOCK_09_LOC1,0.05,sw
153,0,0.0,0.13989500232792423,ESHOCK_09_LOC1,0.05,sw
154,0,0.0,0.041237360460269594,ESHOCK_09_LOC1,0.05,sw
155,0,0.0,0.07653305880000244,ESHOCK_09_LOC1,0.05,sw
157,0,0.0,0.06781849225506922,ESHOCK_09_LOC1,0.05,sw
158,0,0.0,0.1093177779640677,ESHOCK_09_LOC1,0.05,sw
159,0,0.0,0.08340421198373146,ESHOCK_09_LOC1,0.05,sw
163,0,0.0,0.16123438829282477,ESHOCK_09_LOC1,0.05,sw
164,0,0.0,0.173660741154544,ESHOCK_09_LOC1,0.05,sw
176,0,0.0,0.044079548903924445,ESHOCK_09_LOC1,0.05,sw
177,0,0.0,0.08448508873053327,ESHOCK_09_LOC1,0.05,sw
178,0,0.0,0.009651117690504587,ESHOCK_09_LOC1,0.05,sw
179,0,0.0,0.00918365178809017,ESHOCK_09_LOC1,0.05,sw
184,0,0.0,0.12505238923167075,ESHOCK_09_LOC1,0.05,sw
1014,0,0.0,0.011282719721722125,hamilton_10,0.05,sw
1015,0,0.0,0.046707326674863825,hamilton_10,0.05,sw
1020,0,0.0,0.03161086623940864,hamilton_10,0.05,sw
1022,0,0.0,-0.008601853406241878,hamilton_03,0.05,sw
1024,0,0.0,0.0037398913099156573,hamilton_03,0.05,sw
1025,0,0.0,-0.007417715666299137,hamilton_03,0.05,sw
1026,0,0.0,-0.013741103477793414,hamilton_03,0.05,sw
1028,0,0.0,0.0007219737718709095,hamilton_03,0.05,sw
1031,0,0.0,0.003637707836672807,hamilton_04,0.05,sw
1032,0,0.0,-0.04560827629552597,hamilton_04,0.05,sw
1034,0,0.0,-0.0012545067444715105,hamilton_04,0.05,sw
1035,0,0.0,0.0032627618742162444,hamilton_04,0.05,sw
1037,0,0.0,-0.013380225826754806,hamilton_04,0.05,sw
1038,0,0.0,0.010306570587274067,hamilton_04,0.05,sw
1041,0,0.0,-0.022188457019634678,hamilton_04,0.05,sw
1045,0,0.0,0.031190330924929347,hamilton_04,0.05,sw
1047,0,0.0,0.027279573204508554,hamilton_04,0.05,sw
1049,0,0.0,0.005841042802936279,hamilton_04,0.05,sw
1051,0,0.0,0.07092388009446206,hamilton_09,0.05,sw
1058,0,0.0,0.03266918577692373,hamilton_09,0.05,sw
1059,0,0.0,0.013333234102065154,hamilton_09,0.05,sw
1061,0,0.0,0.008791613161987191,hamilton_09,0.05,sw
1062,0,0.0,0.020450795271649874,hamilton_09,0.05,sw
1065,0,0.0,0.010993167938134258,hamilton_09,0.05,sw
1068,0,0.0,0.021931381211357404,hamilton_09,0.05,sw
2291,0,0.0,0.018361859673725053,acute_15,0.05,sw
2296,0,0.0,0.013578557178562958,acute_15,0.05,sw
2301,0,0.0,-0.021080218468700708,acute_15,0.05,sw
2306,0,0.0,0.0929758946169237,acute_15,0.05,sw
2316,0,0.0,0.002922539401200785,acute_15,0.05,sw
2324,0,0.0,0.021989683471550173,acute_15,0.05,sw
2334,0,0.0,0.0028190354828729895,acute_15,0.05,sw
2338,0,0.0,0.017523712288550108,acute_15,0.05,sw
2339,0,0.0,0.10959746886407648,acute_15,0.05,sw
2348,0,0.0,0.07640457032018827,acute_15,0.05,sw
2353,0,0.0,-0.02150140553634649,acute_15,0.05,sw
2360,0,0.0,0.08472997724044337,acute_15,0.05,sw
2362,0,0.0,0.014411394793535558,acute_15,0.05,sw
2408,0,0.0,0.026985554422144394,acute_16,0.05,sw
2410,0,0.0,0.010234441845248052,acute_16,0.05,sw
2411,0,0.0,0.0027554991864607043,acute_16,0.05,sw
2412,0,0.0,0.03486684688864356,acute_16,0.05,sw
2413,0,0.0,0.04412421903890774,acute_16,0.05,sw
2414,0,0.0,0.034664359129688134,acute_16,0.05,sw
2418,0,0.0,0.01569589470787596,acute_16,0.05,sw
2422,0,0.0,0.065248879569462,acute_16,0.05,sw
2424,0,0.0,0.09856136363041403,acute_16,0.05,sw
2425,0,0.0,0.03463922441536612,acute_16,0.05,sw
2428,0,0.0,0.002588704871709646,acute_16,0.05,sw
2429,0,0.0,0.030605180789241338,acute_16,0.05,sw
2463,0,0.0,0.017910093760883587,acute_14,0.05,sw
2464,0,0.0,0.02603781390300315,acute_14,0.05,sw
2465,0,0.0,0.0031144734376311834,acute_14,0.05,sw
2475,0,0.0,0.026942328542783795,acute_14,0.05,sw
2476,0,0.0,0.008045650738605997,acute_14,0.05,sw
2482,0,0.0,-0.0007878379848269771,acute_14,0.05,sw
2485,0,0.0,0.011896406671540044,acute_14,0.05,sw
2487,0,0.0,0.011062180268607735,acute_14,0.05,sw
2489,0,0.0,-0.0006763450287924788,acute_14,0.05,sw
2493,0,0.0,-0.0007143303200399328,acute_14,0.05,sw
2494,0,0.0,-0.006271473589727838,acute_14,0.05,sw
2524,0,0.0,0.08004349311332681,acute_12,0.05,sw
2525,0,0.0,0.07419191963739152,acute_12,0.05,sw
2526,0,0.0,0.03995806810744055,acute_12,0.05,sw
2527,0,0.0,0.0544900640410201,acute_12,0.05,sw
2528,0,0.0,0.05951668839689746,acute_12,0.05,sw
2529,0,0.0,0.07681900070160705,acute_12,0.05,sw
2542,0,0.0,0.022366267251095973,acute_12,0.05,sw
2546,0,0.0,0.01872383159247906,acute_12,0.05,sw
2555,0,0.0,0.021538005379575988,acute_12,0.05,sw
2560,0,0.0,0.08298958079165353,acute_12,0.05,sw
2562,0,0.0,0.016115053665039392,acute_12,0.05,sw
2564,0,0.0,0.0012798102194590813,acute_12,0.05,sw
2567,0,0.0,0.028920977349499003,acute_12,0.05,sw
2568,0,0.0,0.009168690210991806,acute_12,0.05,sw
2569,0,0.0,0.06800486252323729,acute_12,0.05,sw
2570,0,0.0,0.08405077133670004,acute_12,0.05,sw
2577,0,0.0,0.04614953008520218,acute_12,0.05,sw
2578,0,0.0,0.09260298292229245,acute_12,0.05,sw
2585,0,0.0,0.014607147886696563,acute_12,0.05,sw
2586,0,0.0,0.0449525979996362,acute_12,0.05,sw
2587,0,0.0,-0.0001310807320112674,acute_12,0.05,sw
2588,0,0.0,0.029050225522634678,acute_12,0.05,sw
2589,0,0.0,-0.0017379024627406513,acute_12,0.05,sw
2590,0,0.0,0.07697048383277845,acute_12,0.05,sw
2592,0,0.0,-0.012026561393427502,acute_11,0.05,sw
2593,0,0.0,0.022366474581401976,acute_11,0.05,sw
2596,0,0.0,0.008923504216421073,acute_11,0.05,sw
2601,0,0.0,0.01871958087060671,acute_11,0.05,sw
2604,0,0.0,0.0038736096375181243,acute_11,0.05,sw
2605,0,0.0,0.022579781557505268,acute_11,0.05,sw
2607,0,0.0,0.013602836071247123,acute_11,0.05,sw
2610,0,0.0,-0.020565074089964438,acute_11,0.05,sw
2618,0,0.0,0.10239690262049117,acute_11,0.05,sw
2622,0,0.0,0.0931777945239395,acute_11,0.05,sw
2624,0,0.0,0.0004428328947405283,acute_11,0.05,sw
2627,0,0.0,0.010163989121868578,acute_11,0.05,sw
2628,0,0.0,0.002517573349146613,acute_11,0.05,sw
2634,0,0.0,-0.0013913660155649267,acute_11,0.05,sw
4,0,0.0,0.16324945104906696,ESHOCK_03_LOC1,0.1,sw
5,0,0.0,0.17596247217247737,ESHOCK_03_LOC1,0.1,sw
6,0,0.0,0.06952253408838248,ESHOCK_03_LOC1,0.1,sw
17,0,0.0,0.014184126933681833,ESHOCK_04_LOC1,0.1,sw
27,0,0.0,0.0026985006076689646,ESHOCK_04_LOC1,0.1,sw
33,0,0.0,-0.010462641240206407,ESHOCK_04_LOC1,0.1,sw
34,0,0.0,-0.028142526115458092,ESHOCK_04_LOC1,0.1,sw
39,0,0.0,0.005791644387039472,ESHOCK_04_LOC1,0.1,sw
40,0,0.0,0.016926960236760293,ESHOCK_04_LOC1,0.1,sw
43,0,0.0,-0.008959388633917435,ESHOCK_04_LOC1,0.1,sw
47,0,0.0,-0.06801372934624532,ESHOCK_04_LOC1,0.1,sw
50,0,0.0,0.02502375195279879,ESHOCK_06_LOC1,0.1,sw
52,0,0.0,0.022171106737028986,ESHOCK_06_LOC1,0.1,sw
54,0,0.0,-0.04186211345295283,ESHOCK_06_LOC1,0.1,sw
55,0,0.0,-0.009455775243305974,ESHOCK_06_LOC1,0.1,sw
58,0,0.0,0.03380392719429069,ESHOCK_06_LOC1,0.1,sw
59,0,0.0,-0.0004164243581929832,ESHOCK_06_LOC1,0.1,sw
62,0,0.0,0.05357166391276779,ESHOCK_06_LOC1,0.1,sw
64,0,0.0,-0.036704830202457045,ESHOCK_06_LOC1,0.1,sw
70,0,0.0,0.017996468534201632,ESHOCK_06_LOC1,0.1,sw
71,0,0.0,0.008624552009529638,ESHOCK_06_LOC1,0.1,sw
73,0,0.0,-0.022546429838995834,ESHOCK_06_LOC1,0.1,sw
75,0,0.0,0.034955706756156786,ESHOCK_06_LOC1,0.1,sw
82,0,0.0,0.020595845945260212,ESHOCK_07_LOC1,0.1,sw
85,0,0.0,0.1730680526075064,ESHOCK_07_LOC1,0.1,sw
86,0,0.0,0.07022917624416317,ESHOCK_07_LOC1,0.1,sw
89,0,0.0,0.08787805712343141,ESHOCK_07_LOC1,0.1,sw
94,0,0.0,-0.06617778939762876,ESHOCK_07_LOC1,0.1,sw
95,0,0.0,0.061731236148917006,ESHOCK_07_LOC1,0.1,sw
97,0,0.0,0.18288238878195456,ESHOCK_08_LOC1,0.1,sw
98,0,0.0,0.08305557142618113,ESHOCK_08_LOC1,0.1,sw
100,0,0.0,0.0520066128695365,ESHOCK_08_LOC1,0.1,sw
102,0,0.0,0.07907886107150666,ESHOCK_08_LOC1,0.1,sw
110,0,0.0,0.0022076987086578586,ESHOCK_08_LOC1,0.1,sw
113,0,0.0,0.04004257213067018,ESHOCK_08_LOC1,0.1,sw
116,0,0.0,-0.05397325761601125,ESHOCK_08_LOC1,0.1,sw
122,0,0.0,0.2622106379394985,ESHOCK_08_LOC1,0.1,sw
124,0,0.0,0.17415559686680757,ESHOCK_08_LOC1,0.1,sw
125,0,0.0,0.008142024248552865,ESHOCK_08_LOC1,0.1,sw
127,0,0.0,0.20866293892633495,ESHOCK_08_LOC1,0.1,sw
132,0,0.0,0.025783127018607,ESHOCK_09_LOC1,0.1,sw
135,0,0.0,0.22116132753422607,ESHOCK_09_LOC1,0.1,sw
137,0,0.0,0.056527321873954296,ESHOCK_09_LOC1,0.1,sw
144,0,0.0,0.12905163520588306,ESHOCK_09_LOC1,0.1,sw
153,0,0.0,0.1889365777657074,ESHOCK_09_LOC1,0.1,sw
154,0,0.0,0.1200359885526432,ESHOCK_09_LOC1,0.1,sw
157,0,0.0,0.15142359948514977,ESHOCK_09_LOC1,0.1,sw
159,0,0.0,0.08202819497987751,ESHOCK_09_LOC1,0.1,sw
162,0,0.0,0.32137810341885414,ESHOCK_09_LOC1,0.1,sw
163,0,0.0,0.2191697923010913,ESHOCK_09_LOC1,0.1,sw
164,0,0.0,0.22533368463955258,ESHOCK_09_LOC1,0.1,sw
166,0,0.0,0.18155591786161,ESHOCK_09_LOC1,0.1,sw
167,0,0.0,0.032022617197802264,ESHOCK_09_LOC1,0.1,sw
176,0,0.0,0.0597884840699993,ESHOCK_09_LOC1,0.1,sw
180,0,0.0,0.02899314942910171,ESHOCK_09_LOC1,0.1,sw
181,0,0.0,0.02202624403990727,ESHOCK_09_LOC1,0.1,sw
184,0,0.0,0.19898784153660729,ESHOCK_09_LOC1,0.1,sw
185,0,0.0,0.09162958785688771,ESHOCK_09_LOC1,0.1,sw
1011,0,0.0,-0.018127010772719707,hamilton_10,0.1,sw
1014,0,0.0,0.0018760638206428994,hamilton_10,0.1,sw
1015,0,0.0,0.03628554237605103,hamilton_10,0.1,sw
1018,0,0.0,-0.058222916779356086,hamilton_10,0.1,sw
1020,0,0.0,0.02630074397672806,hamilton_10,0.1,sw
1022,0,0.0,-0.042165392049420033,hamilton_03,0.1,sw
1024,0,0.0,0.029254690011174686,hamilton_03,0.1,sw
1026,0,0.0,-0.00881445388808613,hamilton_03,0.1,sw
1031,0,0.0,0.023865952192015934,hamilton_04,0.1,sw
1032,0,0.0,-0.06501069914729248,hamilton_04,0.1,sw
1036,0,0.0,0.00931181498372689,hamilton_04,0.1,sw
1037,0,0.0,0.012920941169862933,hamilton_04,0.1,sw
1040,0,0.0,-0.0074899432505801545,hamilton_04,0.1,sw
1044,0,0.0,-0.027664089642598425,hamilton_04,0.1,sw
1045,0,0.0,-0.008438223662460175,hamilton_04,0.1,sw
1046,0,0.0,0.020105950583639134,hamilton_04,0.1,sw
1050,0,0.0,0.04203341859607496,hamilton_04,0.1,sw
1051,0,0.0,0.008123721182182563,hamilton_09,0.1,sw
1053,0,0.0,0.010935720969971908,hamilton_09,0.1,sw
1065,0,0.0,0.003496915741809828,hamilton_09,0.1,sw
2316,0,0.0,-0.0012972827506562506,acute_15,0.1,sw
2335,0,0.0,0.06224986292493163,acute_15,0.1,sw
2337,0,0.0,-0.028919998060404503,acute_15,0.1,sw
2338,0,0.0,0.027907529260956226,acute_15,0.1,sw
2344,0,0.0,0.08029783343873285,acute_15,0.1,sw
2361,0,0.0,-0.004913900208567175,acute_15,0.1,sw
2362,0,0.0,0.029695850369465867,acute_15,0.1,sw
2408,0,0.0,0.022918995091168497,acute_16,0.1,sw
2410,0,0.0,0.019805955328143676,acute_16,0.1,sw
2412,0,0.0,0.016918978118518405,acute_16,0.1,sw
2413,0,0.0,0.06427008993443702,acute_16,0.1,sw
2420,0,0.0,0.03442720299602186,acute_16,0.1,sw
2425,0,0.0,0.043636589265175295,acute_16,0.1,sw
2428,0,0.0,0.010390398993072947,acute_16,0.1,sw
2464,0,0.0,0.0420162782409417,acute_14,0.1,sw
2465,0,0.0,-0.004104194874591651,acute_14,0.1,sw
2478,0,0.0,0.004669246550551851,acute_14,0.1,sw
2480,0,0.0,0.027535350274551246,acute_14,0.1,sw
2487,0,0.0,0.01652969037099259,acute_14,0.1,sw
2489,0,0.0,0.0020823190189606577,acute_14,0.1,sw
2493,0,0.0,-0.0126869928040684,acute_14,0.1,sw
2503,0,0.0,0.03855924273086179,acute_14,0.1,sw
2524,0,0.0,0.1366399541694726,acute_12,0.1,sw
2525,0,0.0,0.12508912647736528,acute_12,0.1,sw
2526,0,0.0,0.07888548308001604,acute_12,0.1,sw
2527,0,0.0,0.09451832493005123,acute_12,0.1,sw
2528,0,0.0,0.10211365586347876,acute_12,0.1,sw
2529,0,0.0,0.12411594780027185,acute_12,0.1,sw
2542,0,0.0,0.021622797908533314,acute_12,0.1,sw
2548,0,0.0,0.14577406661914252,acute_12,0.1,sw
2551,0,0.0,0.14394556320684165,acute_12,0.1,sw
2559,0,0.0,0.08749418699622762,acute_12,0.1,sw
2560,0,0.0,0.1418202506474524,acute_12,0.1,sw
2562,0,0.0,0.023685667204687132,acute_12,0.1,sw
2563,0,0.0,0.06563871083776235,acute_12,0.1,sw
2564,0,0.0,0.01000160822571899,acute_12,0.1,sw
2566,0,0.0,0.08249998820428023,acute_12,0.1,sw
2567,0,0.0,0.06665214412547232,acute_12,0.1,sw
2570,0,0.0,0.13100887416884976,acute_12,0.1,sw
2573,0,0.0,0.09081162168792102,acute_12,0.1,sw
2574,0,0.0,-0.16650307296599987,acute_12,0.1,sw
2575,0,0.0,0.08132401809921988,acute_12,0.1,sw
2578,0,0.0,0.15914517547539525,acute_12,0.1,sw
2586,0,0.0,0.07641896641717186,acute_12,0.1,sw
2592,0,0.0,-0.029226599015297516,acute_11,0.1,sw
2593,0,0.0,0.03910875985552792,acute_11,0.1,sw
2594,0,0.0,0.03198094735770315,acute_11,0.1,sw
2596,0,0.0,0.03402000477898762,acute_11,0.1,sw
2601,0,0.0,0.03688478028545797,acute_11,0.1,sw
2604,0,0.0,0.02512004473101047,acute_11,0.1,sw
2606,0,0.0,0.02360194174530497,acute_11,0.1,sw
2607,0,0.0,0.042533471621413334,acute_11,0.1,sw
2608,0,0.0,0.030159855206779124,acute_11,0.1,sw
2609,0,0.0,0.0413576883651778,acute_11,0.1,sw
2610,0,0.0,-0.057123020264153224,acute_11,0.1,sw
2617,0,0.0,0.0978017039138346,acute_11,0.1,sw
2620,0,0.0,0.10277828929843887,acute_11,0.1,sw
2621,0,0.0,0.07372841500262607,acute_11,0.1,sw
2623,0,0.0,0.1081718032841846,acute_11,0.1,sw
2624,0,0.0,0.11481128839017277,acute_11,0.1,sw
2627,0,0.0,0.02143112046653033,acute_11,0.1,sw
2629,0,0.0,0.03538254877067354,acute_11,0.1,sw
2630,0,0.0,-0.04134070675353374,acute_11,0.1,sw
18,0,0.0,-0.001159317626878485,ESHOCK_04_LOC1,0.5,sw
27,0,0.0,0.014735068268013836,ESHOCK_04_LOC1,0.5,sw
33,0,0.0,-0.012005436671366743,ESHOCK_04_LOC1,0.5,sw
34,0,0.0,-0.05356141835670277,ESHOCK_04_LOC1,0.5,sw
38,0,0.0,-0.18880286276626182,ESHOCK_04_LOC1,0.5,sw
39,0,0.0,0.09452536960347971,ESHOCK_04_LOC1,0.5,sw
43,0,0.0,0.03335715807712512,ESHOCK_04_LOC1,0.5,sw
44,0,0.0,0.0036134707618193504,ESHOCK_04_LOC1,0.5,sw
48,0,0.0,0.12434880516661785,ESHOCK_06_LOC1,0.5,sw
49,0,0.0,0.12784661820678206,ESHOCK_06_LOC1,0.5,sw
50,0,0.0,0.1606475201295496,ESHOCK_06_LOC1,0.5,sw
51,0,0.0,-0.23049331623883196,ESHOCK_06_LOC1,0.5,sw
52,0,0.0,0.2098013035507361,ESHOCK_06_LOC1,0.5,sw
54,0,0.0,-0.14785206088987135,ESHOCK_06_LOC1,0.5,sw
55,0,0.0,-0.026524374534335586,ESHOCK_06_LOC1,0.5,sw
57,0,0.0,0.08657482247576073,ESHOCK_06_LOC1,0.5,sw
58,0,0.0,0.09644622032010869,ESHOCK_06_LOC1,0.5,sw
59,0,0.0,-0.00852408782926839,ESHOCK_06_LOC1,0.5,sw
62,0,0.0,0.1839224123541877,ESHOCK_06_LOC1,0.5,sw
63,0,0.0,-0.143617048722623,ESHOCK_06_LOC1,0.5,sw
70,0,0.0,0.12526668817394204,ESHOCK_06_LOC1,0.5,sw
73,0,0.0,-0.11529967989824091,ESHOCK_06_LOC1,0.5,sw
74,0,0.0,0.06122182684339594,ESHOCK_06_LOC1,0.5,sw
81,0,0.0,-0.01788757809799951,ESHOCK_07_LOC1,0.5,sw
82,0,0.0,0.017805172640354635,ESHOCK_07_LOC1,0.5,sw
85,0,0.0,0.24270020674023718,ESHOCK_07_LOC1,0.5,sw
86,0,0.0,0.17304376919580755,ESHOCK_07_LOC1,0.5,sw
88,0,0.0,0.25782285015672785,ESHOCK_07_LOC1,0.5,sw
90,0,0.0,0.11462282876431275,ESHOCK_07_LOC1,0.5,sw
91,0,0.0,0.17819200510965255,ESHOCK_07_LOC1,0.5,sw
94,0,0.0,-0.08173791803735884,ESHOCK_07_LOC1,0.5,sw
95,0,0.0,0.07969422160771837,ESHOCK_07_LOC1,0.5,sw
97,0,0.0,0.2762689428568557,ESHOCK_08_LOC1,0.5,sw
104,0,0.0,0.23903500162703958,ESHOCK_08_LOC1,0.5,sw
105,0,0.0,0.268645604949983,ESHOCK_08_LOC1,0.5,sw
106,0,0.0,0.1280495770357713,ESHOCK_08_LOC1,0.5,sw
109,0,0.0,0.05789895688552429,ESHOCK_08_LOC1,0.5,sw
110,0,0.0,0.003348791734654018,ESHOCK_08_LOC1,0.5,sw
111,0,0.0,-0.06837128375173136,ESHOCK_08_LOC1,0.5,sw
115,0,0.0,0.06081526446630809,ESHOCK_08_LOC1,0.5,sw
117,0,0.0,0.31792831994128573,ESHOCK_08_LOC1,0.5,sw
128,0,0.0,0.2822413210766834,ESHOCK_08_LOC1,0.5,sw
136,0,0.0,0.12277625015692788,ESHOCK_09_LOC1,0.5,sw
137,0,0.0,0.1515892936551792,ESHOCK_09_LOC1,0.5,sw
138,0,0.0,0.31940146689868976,ESHOCK_09_LOC1,0.5,sw
142,0,0.0,0.2933313940970386,ESHOCK_09_LOC1,0.5,sw
151,0,0.0,0.026485434205681734,ESHOCK_09_LOC1,0.5,sw
153,0,0.0,0.228281395589651,ESHOCK_09_LOC1,0.5,sw
156,0,0.0,0.2782407118070553,ESHOCK_09_LOC1,0.5,sw
159,0,0.0,0.08970482065929168,ESHOCK_09_LOC1,0.5,sw
161,0,0.0,0.34777676004751856,ESHOCK_09_LOC1,0.5,sw
164,0,0.0,0.25980247795701555,ESHOCK_09_LOC1,0.5,sw
167,0,0.0,0.16285714371103227,ESHOCK_09_LOC1,0.5,sw
176,0,0.0,0.11585687553340532,ESHOCK_09_LOC1,0.5,sw
177,0,0.0,0.13798789514593882,ESHOCK_09_LOC1,0.5,sw
181,0,0.0,0.06466434700795355,ESHOCK_09_LOC1,0.5,sw
182,0,0.0,0.06863685636906587,ESHOCK_09_LOC1,0.5,sw
184,0,0.0,0.33031620221800223,ESHOCK_09_LOC1,0.5,sw
1011,0,0.0,0.00031506424263427513,hamilton_10,0.5,sw
1014,0,0.0,0.043844063900338986,hamilton_10,0.5,sw
1016,0,0.0,-0.021326498807208823,hamilton_10,0.5,sw
1020,0,0.0,-0.03647422714271984,hamilton_10,0.5,sw
1029,0,0.0,,hamilton_03,0.5,sw
1032,0,0.0,-0.23840143234288427,hamilton_04,0.5,sw
1036,0,0.0,0.16800016807151041,hamilton_04,0.5,sw
1044,0,0.0,-0.20530935825267194,hamilton_04,0.5,sw
1045,0,0.0,0.13594244481241635,hamilton_04,0.5,sw
1046,0,0.0,-0.016993776338625626,hamilton_04,0.5,sw
1047,0,0.0,0.15572752172375723,hamilton_04,0.5,sw
1049,0,0.0,0.17180368674275295,hamilton_04,0.5,sw
1050,0,0.0,0.2281434753413413,hamilton_04,0.5,sw
1051,0,0.0,0.24619049205991636,hamilton_09,0.5,sw
1052,0,0.0,0.04303315991351768,hamilton_09,0.5,sw
1053,0,0.0,0.02010312183921919,hamilton_09,0.5,sw
1057,0,0.0,0.009112716767895034,hamilton_09,0.5,sw
1059,0,0.0,0.054044012092023516,hamilton_09,0.5,sw
1062,0,0.0,-0.06224870449869849,hamilton_09,0.5,sw
1064,0,0.0,0.23394262352649242,hamilton_09,0.5,sw
2291,0,0.0,0.1930109281368961,acute_15,0.5,sw
2305,0,0.0,0.21512532406603316,acute_15,0.5,sw
2309,0,0.0,0.10032212806843892,acute_15,0.5,sw
2316,0,0.0,0.07545786551977156,acute_15,0.5,sw
2324,0,0.0,0.2169940818881829,acute_15,0.5,sw
2334,0,0.0,0.049227992295109886,acute_15,0.5,sw
2339,0,0.0,0.08094332783832996,acute_15,0.5,sw
2344,0,0.0,0.030274775719656526,acute_15,0.5,sw
2353,0,0.0,0.04181543037873446,acute_15,0.5,sw
2354,0,0.0,0.07775632950686535,acute_15,0.5,sw
2361,0,0.0,0.20981596032403996,acute_15,0.5,sw
2362,0,0.0,0.14635014379636435,acute_15,0.5,sw
2406,0,0.0,-0.07454468454069359,acute_16,0.5,sw
2407,0,0.0,0.06441190031189763,acute_16,0.5,sw
2412,0,0.0,0.05961699594252395,acute_16,0.5,sw
2413,0,0.0,0.10567695896062854,acute_16,0.5,sw
2422,0,0.0,-0.011756043104919222,acute_16,0.5,sw
2425,0,0.0,0.09577939359961204,acute_16,0.5,sw
2428,0,0.0,0.008587952209879741,acute_16,0.5,sw
2461,0,0.0,-0.17106635789409086,acute_14,0.5,sw
2463,0,0.0,-0.11533840727170873,acute_14,0.5,sw
2465,0,0.0,-0.01060387839938729,acute_14,0.5,sw
2469,0,0.0,0.02520326875849162,acute_14,0.5,sw
2487,0,0.0,0.0293653944523771,acute_14,0.5,sw
2494,0,0.0,-0.04041620894542831,acute_14,0.5,sw
2496,0,0.0,-0.04435685597144964,acute_14,0.5,sw
2503,0,0.0,0.04118522395814131,acute_14,0.5,sw
2525,0,0.0,0.3190674079922151,acute_12,0.5,sw
2526,0,0.0,0.2537899897636135,acute_12,0.5,sw
2528,0,0.0,0.2571366518949375,acute_12,0.5,sw
2542,0,0.0,0.07207075448075557,acute_12,0.5,sw
2544,0,0.0,0.3030601074444698,acute_12,0.5,sw
2555,0,0.0,0.16016106982224437,acute_12,0.5,sw
2558,0,0.0,0.12468013500099177,acute_12,0.5,sw
2559,0,0.0,0.27779005037725857,acute_12,0.5,sw
2562,0,0.0,0.1321763734257896,acute_12,0.5,sw
2564,0,0.0,0.02038187153072305,acute_12,0.5,sw
2566,0,0.0,0.23726295400518732,acute_12,0.5,sw
2569,0,0.0,0.25920086841051687,acute_12,0.5,sw
2570,0,0.0,0.30324756798852026,acute_12,0.5,sw
2571,0,0.0,0.32123465275430574,acute_12,0.5,sw
2573,0,0.0,0.2296187474846865,acute_12,0.5,sw
2586,0,0.0,0.18824223469792115,acute_12,0.5,sw
2587,0,0.0,-0.005518459582344138,acute_12,0.5,sw
2589,0,0.0,0.003203845258586392,acute_12,0.5,sw
2590,0,0.0,0.31519081483958983,acute_12,0.5,sw
2592,0,0.0,0.09097552694940646,acute_11,0.5,sw
2594,0,0.0,0.16017630353492132,acute_11,0.5,sw
2598,0,0.0,0.10992129746608473,acute_11,0.5,sw
2601,0,0.0,0.09011591780616152,acute_11,0.5,sw
2603,0,0.0,0.1381215472060603,acute_11,0.5,sw
2606,0,0.0,0.058364341286146426,acute_11,0.5,sw
2607,0,0.0,0.2020408087470409,acute_11,0.5,sw
2610,0,0.0,-0.004668267304454607,acute_11,0.5,sw
2612,0,0.0,-0.13645285094801343,acute_11,0.5,sw
2617,0,0.0,0.07482954530628963,acute_11,0.5,sw
2620,0,0.0,0.08512308044959216,acute_11,0.5,sw
2626,0,0.0,0.16934839037327687,acute_11,0.5,sw
2627,0,0.0,-0.04361314550499439,acute_11,0.5,sw
1,0,0.0,,ESHOCK_03_LOC1,1.0,sw
9,0,0.0,0.10319167153968814,ESHOCK_04_LOC1,1.0,sw
12,0,0.0,0.08807298966893164,ESHOCK_04_LOC1,1.0,sw
22,0,0.0,-0.10492655859294789,ESHOCK_04_LOC1,1.0,sw
27,0,0.0,0.15586376713139813,ESHOCK_04_LOC1,1.0,sw
31,0,0.0,0.08433649511262906,ESHOCK_04_LOC1,1.0,sw
32,0,0.0,0.009274455522353016,ESHOCK_04_LOC1,1.0,sw
35,0,0.0,0.10857195541986459,ESHOCK_04_LOC1,1.0,sw
39,0,0.0,0.13943086177283984,ESHOCK_04_LOC1,1.0,sw
49,0,0.0,0.13658187370891933,ESHOCK_06_LOC1,1.0,sw
51,0,0.0,-0.09928525930801843,ESHOCK_06_LOC1,1.0,sw
52,0,0.0,-0.14849767901510308,ESHOCK_06_LOC1,1.0,sw
55,0,0.0,-0.01790535088263576,ESHOCK_06_LOC1,1.0,sw
57,0,0.0,0.05560023041830939,ESHOCK_06_LOC1,1.0,sw
58,0,0.0,0.05198731652714106,ESHOCK_06_LOC1,1.0,sw
60,0,0.0,0.1101425153901372,ESHOCK_06_LOC1,1.0,sw
63,0,0.0,-0.008903072842117284,ESHOCK_06_LOC1,1.0,sw
64,0,0.0,0.1272394762390158,ESHOCK_06_LOC1,1.0,sw
69,0,0.0,0.0009853971207498863,ESHOCK_06_LOC1,1.0,sw
75,0,0.0,0.21620903789033066,ESHOCK_06_LOC1,1.0,sw
76,0,0.0,-0.0757085545538018,ESHOCK_06_LOC1,1.0,sw
77,0,0.0,0.17891692288857008,ESHOCK_06_LOC1,1.0,sw
81,0,0.0,-0.031617934159202325,ESHOCK_07_LOC1,1.0,sw
82,0,0.0,0.025938425338973867,ESHOCK_07_LOC1,1.0,sw
85,0,0.0,0.3130970776610837,ESHOCK_07_LOC1,1.0,sw
86,0,0.0,0.16661629310073423,ESHOCK_07_LOC1,1.0,sw
88,0,0.0,0.2798791788379012,ESHOCK_07_LOC1,1.0,sw
89,0,0.0,0.12206429884789198,ESHOCK_07_LOC1,1.0,sw
90,0,0.0,0.11953615600281291,ESHOCK_07_LOC1,1.0,sw
91,0,0.0,0.15782710641965636,ESHOCK_07_LOC1,1.0,sw
92,0,0.0,-0.13292694962432716,ESHOCK_07_LOC1,1.0,sw
94,0,0.0,-0.15647708097174967,ESHOCK_07_LOC1,1.0,sw
95,0,0.0,0.1357768647726238,ESHOCK_07_LOC1,1.0,sw
97,0,0.0,0.20796693452378665,ESHOCK_08_LOC1,1.0,sw
101,0,0.0,0.17706924971126858,ESHOCK_08_LOC1,1.0,sw
102,0,0.0,0.11990789174640949,ESHOCK_08_LOC1,1.0,sw
103,0,0.0,0.11661707224691832,ESHOCK_08_LOC1,1.0,sw
106,0,0.0,0.07012905992815671,ESHOCK_08_LOC1,1.0,sw
108,0,0.0,0.03108710113528482,ESHOCK_08_LOC1,1.0,sw
109,0,0.0,0.09203125946542119,ESHOCK_08_LOC1,1.0,sw
110,0,0.0,0.11626373450013204,ESHOCK_08_LOC1,1.0,sw
111,0,0.0,-0.0510833457851545,ESHOCK_08_LOC1,1.0,sw
114,0,0.0,0.4127399399170904,ESHOCK_08_LOC1,1.0,sw
116,0,0.0,0.01809950011292446,ESHOCK_08_LOC1,1.0,sw
117,0,0.0,0.4292935785685013,ESHOCK_08_LOC1,1.0,sw
118,0,0.0,0.4254995512332035,ESHOCK_08_LOC1,1.0,sw
125,0,0.0,-0.07496060294826402,ESHOCK_08_LOC1,1.0,sw
127,0,0.0,0.34560109189285826,ESHOCK_08_LOC1,1.0,sw
128,0,0.0,0.3744730335368091,ESHOCK_08_LOC1,1.0,sw
137,0,0.0,0.07988876949538647,ESHOCK_09_LOC1,1.0,sw
138,0,0.0,0.3434128393798975,ESHOCK_09_LOC1,1.0,sw
142,0,0.0,0.28378545877483163,ESHOCK_09_LOC1,1.0,sw
146,0,0.0,0.2035966688972392,ESHOCK_09_LOC1,1.0,sw
147,0,0.0,0.2757017755802985,ESHOCK_09_LOC1,1.0,sw
153,0,0.0,0.2887737813742327,ESHOCK_09_LOC1,1.0,sw
156,0,0.0,0.32109030556794455,ESHOCK_09_LOC1,1.0,sw
159,0,0.0,0.12747756357363607,ESHOCK_09_LOC1,1.0,sw
164,0,0.0,0.3670795528402575,ESHOCK_09_LOC1,1.0,sw
167,0,0.0,0.19899284408509918,ESHOCK_09_LOC1,1.0,sw
176,0,0.0,0.14836363160715663,ESHOCK_09_LOC1,1.0,sw
177,0,0.0,0.18757990407313332,ESHOCK_09_LOC1,1.0,sw
181,0,0.0,0.01842157259193458,ESHOCK_09_LOC1,1.0,sw
1014,0,0.0,0.013434308794011262,hamilton_10,1.0,sw
1016,0,0.0,0.013434308794011253,hamilton_10,1.0,sw
1025,0,0.0,0.06643345675108525,hamilton_03,1.0,sw
1029,0,0.0,0.06643345675108525,hamilton_03,1.0,sw
1034,0,0.0,0.03018297629140015,hamilton_04,1.0,sw
1041,0,0.0,-0.14182798515914372,hamilton_04,1.0,sw
1044,0,0.0,-0.08308745814584015,hamilton_04,1.0,sw
1046,0,0.0,0.15205984303752182,hamilton_04,1.0,sw
1047,0,0.0,-0.17572686822034675,hamilton_04,1.0,sw
1051,0,0.0,0.0921343090956772,hamilton_09,1.0,sw
1053,0,0.0,0.09080111526229644,hamilton_09,1.0,sw
1056,0,0.0,0.06180682125943844,hamilton_09,1.0,sw
1057,0,0.0,-0.12767173089456438,hamilton_09,1.0,sw
1059,0,0.0,0.15837805409546976,hamilton_09,1.0,sw
1060,0,0.0,0.22840783451631252,hamilton_09,1.0,sw
1068,0,0.0,-0.00903777497066743,hamilton_09,1.0,sw
2291,0,0.0,0.1150051663724073,acute_15,1.0,sw
2296,0,0.0,0.018909941363490997,acute_15,1.0,sw
2301,0,0.0,-0.2697681811877599,acute_15,1.0,sw
2306,0,0.0,0.3872232388054791,acute_15,1.0,sw
2316,0,0.0,-0.0025848082758337604,acute_15,1.0,sw
2329,0,0.0,0.3177103684402776,acute_15,1.0,sw
2338,0,0.0,0.25193963083522497,acute_15,1.0,sw
2340,0,0.0,0.12545548507531507,acute_15,1.0,sw
2344,0,0.0,0.3235783569539441,acute_15,1.0,sw
2347,0,0.0,0.31121144954677715,acute_15,1.0,sw
2350,0,0.0,0.2473437556279972,acute_15,1.0,sw
2359,0,0.0,-0.06788504760443059,acute_15,1.0,sw
2360,0,0.0,0.28538748755744314,acute_15,1.0,sw
2361,0,0.0,0.05675572494599613,acute_15,1.0,sw
2362,0,0.0,0.11689633358843131,acute_15,1.0,sw
2406,0,0.0,-0.07892538759597328,acute_16,1.0,sw
2411,0,0.0,-0.0607167869061116,acute_16,1.0,sw
2412,0,0.0,0.08338422341807032,acute_16,1.0,sw
2414,0,0.0,-0.058689125513521206,acute_16,1.0,sw
2418,0,0.0,0.0650062028142193,acute_16,1.0,sw
2422,0,0.0,-0.030838685294932864,acute_16,1.0,sw
2428,0,0.0,-0.03560673926303704,acute_16,1.0,sw
2429,0,0.0,0.07110195787075874,acute_16,1.0,sw
2465,0,0.0,0.05607234767211229,acute_14,1.0,sw
2478,0,0.0,0.005300116262846569,acute_14,1.0,sw
2480,0,0.0,0.06700114681237916,acute_14,1.0,sw
2481,0,0.0,0.13585628815727704,acute_14,1.0,sw
2482,0,0.0,-0.02059503645680959,acute_14,1.0,sw
2487,0,0.0,0.042100570731541845,acute_14,1.0,sw
2489,0,0.0,0.14821027849064553,acute_14,1.0,sw
2494,0,0.0,0.0025467483481085634,acute_14,1.0,sw
2496,0,0.0,0.010242114523374755,acute_14,1.0,sw
2524,0,0.0,0.39909912595211466,acute_12,1.0,sw
2525,0,0.0,0.40121928068742924,acute_12,1.0,sw
2526,0,0.0,0.32331282555694507,acute_12,1.0,sw
2531,0,0.0,0.33035927873375015,acute_12,1.0,sw
2544,0,0.0,0.36501819900350585,acute_12,1.0,sw
2546,0,0.0,0.12168486718513484,acute_12,1.0,sw
2558,0,0.0,0.15126042253412977,acute_12,1.0,sw
2563,0,0.0,0.3191200658115993,acute_12,1.0,sw
2566,0,0.0,0.3031948793942484,acute_12,1.0,sw
2567,0,0.0,0.3236985397647703,acute_12,1.0,sw
2569,0,0.0,0.31869277602926993,acute_12,1.0,sw
2570,0,0.0,0.34142996390764824,acute_12,1.0,sw
2571,0,0.0,0.4043170544584033,acute_12,1.0,sw
2573,0,0.0,0.321585552028898,acute_12,1.0,sw
2585,0,0.0,0.0013367053683309026,acute_12,1.0,sw
2587,0,0.0,-0.02212855642965607,acute_12,1.0,sw
2589,0,0.0,0.004588564227612806,acute_12,1.0,sw
2595,0,0.0,0.16248727130687443,acute_11,1.0,sw
2598,0,0.0,-0.01678998734985924,acute_11,1.0,sw
2601,0,0.0,0.19497632220953728,acute_11,1.0,sw
2605,0,0.0,0.21521088009062292,acute_11,1.0,sw
2606,0,0.0,0.0550145919330443,acute_11,1.0,sw
2607,0,0.0,0.1347680725814486,acute_11,1.0,sw
2610,0,0.0,-0.06103886232256201,acute_11,1.0,sw
2612,0,0.0,-0.13209637704102345,acute_11,1.0,sw
2618,0,0.0,0.1284363945247578,acute_11,1.0,sw
2620,0,0.0,0.1493139319585308,acute_11,1.0,sw
2621,0,0.0,0.029066842854743223,acute_11,1.0,sw
2626,0,0.0,0.2772890834506746,acute_11,1.0,sw
2627,0,0.0,0.0032862844315444846,acute_11,1.0,sw
4,0,0.0,0.021707043964075468,ESHOCK_03_LOC1,0.05,act
8,0,0.0,0.021707043964075468,ESHOCK_03_LOC1,0.05,act
12,0,0.0,0.021179023168860445,ESHOCK_04_LOC1,0.05,act
18,0,0.0,0.028856002289508274,ESHOCK_04_LOC1,0.05,act
27,0,0.0,-0.0072336359074855385,ESHOCK_04_LOC1,0.05,act
31,0,0.0,0.051298298716453715,ESHOCK_04_LOC1,0.05,act
34,0,0.0,-0.004896907071312522,ESHOCK_04_LOC1,0.05,act
37,0,0.0,-0.013772359998331892,ESHOCK_04_LOC1,0.05,act
41,0,0.0,-0.018900227256335674,ESHOCK_04_LOC1,0.05,act
44,0,0.0,0.006658906583104037,ESHOCK_04_LOC1,0.05,act
46,0,0.0,0.03961279763678672,ESHOCK_04_LOC1,0.05,act
48,0,0.0,0.010989411971769659,ESHOCK_06_LOC1,0.05,act
49,0,0.0,0.02501862666493415,ESHOCK_06_LOC1,0.05,act
50,0,0.0,0.004572001892069436,ESHOCK_06_LOC1,0.05,act
51,0,0.0,0.0017415308406590147,ESHOCK_06_LOC1,0.05,act
52,0,0.0,-0.00015072416645784211,ESHOCK_06_LOC1,0.05,act
54,0,0.0,0.006187454997403561,ESHOCK_06_LOC1,0.05,act
57,0,0.0,0.006630473893991613,ESHOCK_06_LOC1,0.05,act
63,0,0.0,0.001186909078998977,ESHOCK_06_LOC1,0.05,act
64,0,0.0,-0.012138547523496293,ESHOCK_06_LOC1,0.05,act
70,0,0.0,-0.013582242127061417,ESHOCK_06_LOC1,0.05,act
74,0,0.0,-0.02325918468039031,ESHOCK_06_LOC1,0.05,act
76,0,0.0,-0.01826341576040092,ESHOCK_06_LOC1,0.05,act
81,0,0.0,0.0039533416987762235,ESHOCK_07_LOC1,0.05,act
82,0,0.0,-0.015603917811885363,ESHOCK_07_LOC1,0.05,act
84,0,0.0,4.154472994124635e-05,ESHOCK_07_LOC1,0.05,act
86,0,0.0,0.030944804061115886,ESHOCK_07_LOC1,0.05,act
88,0,0.0,0.03501847298434446,ESHOCK_07_LOC1,0.05,act
89,0,0.0,0.026839872475197254,ESHOCK_07_LOC1,0.05,act
90,0,0.0,-0.01068820556980272,ESHOCK_07_LOC1,0.05,act
92,0,0.0,-0.02822713555521115,ESHOCK_07_LOC1,0.05,act
98,0,0.0,0.02311066238380837,ESHOCK_08_LOC1,0.05,act
99,0,0.0,-0.002464611168583091,ESHOCK_08_LOC1,0.05,act
101,0,0.0,0.0072959787354695185,ESHOCK_08_LOC1,0.05,act
108,0,0.0,0.004060068790157067,ESHOCK_08_LOC1,0.05,act
114,0,0.0,0.09933209706412868,ESHOCK_08_LOC1,0.05,act
118,0,0.0,0.24472802056514964,ESHOCK_08_LOC1,0.05,act
121,0,0.0,-0.03756217174895048,ESHOCK_08_LOC1,0.05,act
122,0,0.0,0.1333469361881894,ESHOCK_08_LOC1,0.05,act
123,0,0.0,0.005010020633316608,ESHOCK_08_LOC1,0.05,act
124,0,0.0,0.22550425200658478,ESHOCK_08_LOC1,0.05,act
126,0,0.0,-0.007379756068380015,ESHOCK_08_LOC1,0.05,act
135,0,0.0,-0.0017459792020417433,ESHOCK_09_LOC1,0.05,act
136,0,0.0,0.011641205134525445,ESHOCK_09_LOC1,0.05,act
137,0,0.0,0.0016237784988689503,ESHOCK_09_LOC1,0.05,act
139,0,0.0,0.003339646811614468,ESHOCK_09_LOC1,0.05,act
142,0,0.0,0.0003213827734703312,ESHOCK_09_LOC1,0.05,act
144,0,0.0,-0.0016219677623558414,ESHOCK_09_LOC1,0.05,act
146,0,0.0,-0.0027198896827539255,ESHOCK_09_LOC1,0.05,act
147,0,0.0,0.0342630315576989,ESHOCK_09_LOC1,0.05,act
151,0,0.0,-0.014863107559678691,ESHOCK_09_LOC1,0.05,act
153,0,0.0,0.023764745486038606,ESHOCK_09_LOC1,0.05,act
154,0,0.0,0.03546672958767182,ESHOCK_09_LOC1,0.05,act
155,0,0.0,0.011423672417648845,ESHOCK_09_LOC1,0.05,act
157,0,0.0,0.0007395778656033675,ESHOCK_09_LOC1,0.05,act
158,0,0.0,0.010105399796656877,ESHOCK_09_LOC1,0.05,act
159,0,0.0,0.03045894065047732,ESHOCK_09_LOC1,0.05,act
161,0,0.0,0.027213419583372755,ESHOCK_09_LOC1,0.05,act
163,0,0.0,0.02630421625582467,ESHOCK_09_LOC1,0.05,act
164,0,0.0,0.04787704044993542,ESHOCK_09_LOC1,0.05,act
166,0,0.0,0.014149496728927399,ESHOCK_09_LOC1,0.05,act
176,0,0.0,0.0010738558068831244,ESHOCK_09_LOC1,0.05,act
179,0,0.0,0.013629284995238614,ESHOCK_09_LOC1,0.05,act
180,0,0.0,0.013208664149664087,ESHOCK_09_LOC1,0.05,act
182,0,0.0,-0.005223376006495053,ESHOCK_09_LOC1,0.05,act
185,0,0.0,-0.008713782295032835,ESHOCK_09_LOC1,0.05,act
1011,0,0.0,-0.00998561559492356,hamilton_10,0.05,act
1014,0,0.0,-0.002222683413823718,hamilton_10,0.05,act
1015,0,0.0,-0.00668801216960284,hamilton_10,0.05,act
1016,0,0.0,-0.010057390632515388,hamilton_10,0.05,act
1018,0,0.0,-0.004803505312226927,hamilton_10,0.05,act
1019,0,0.0,0.0030336256980158767,hamilton_10,0.05,act
1020,0,0.0,0.005447992810594759,hamilton_10,0.05,act
1024,0,0.0,0.023581169801202832,hamilton_03,0.05,act
1026,0,0.0,0.010444570562561739,hamilton_03,0.05,act
1027,0,0.0,0.015292253450602923,hamilton_03,0.05,act
1029,0,0.0,0.007428909221897036,hamilton_03,0.05,act
1030,0,0.0,0.023127694617951212,hamilton_03,0.05,act
1036,0,0.0,0.0008011277440367938,hamilton_04,0.05,act
1037,0,0.0,0.0037536916264792985,hamilton_04,0.05,act
1038,0,0.0,0.01466859119548387,hamilton_04,0.05,act
1040,0,0.0,0.02018611051819473,hamilton_04,0.05,act
1041,0,0.0,-0.00463411884853031,hamilton_04,0.05,act
1044,0,0.0,0.0001375499428773069,hamilton_04,0.05,act
1049,0,0.0,-0.0046598123352976015,hamilton_04,0.05,act
1050,0,0.0,-0.014053871368150384,hamilton_04,0.05,act
1052,0,0.0,0.0028201929400407826,hamilton_09,0.05,act
1053,0,0.0,-0.013170517546050725,hamilton_09,0.05,act
1058,0,0.0,-0.011414585329905524,hamilton_09,0.05,act
1061,0,0.0,-0.01081825396994528,hamilton_09,0.05,act
1062,0,0.0,0.0015621364402269174,hamilton_09,0.05,act
2293,0,0.0,-0.003523460510868278,acute_15,0.05,act
2299,0,0.0,-0.04393219434161203,acute_15,0.05,act
2305,0,0.0,0.12633780970593642,acute_15,0.05,act
2306,0,0.0,0.16323049937396755,acute_15,0.05,act
2309,0,0.0,0.06137927159262729,acute_15,0.05,act
2316,0,0.0,0.008782652734881869,acute_15,0.05,act
2324,0,0.0,0.056195968985564046,acute_15,0.05,act
2335,0,0.0,0.11108405482942495,acute_15,0.05,act
2337,0,0.0,-0.022980789415740912,acute_15,0.05,act
2339,0,0.0,0.1140707191476053,acute_15,0.05,act
2347,0,0.0,0.035047437060048,acute_15,0.05,act
2348,0,0.0,0.15350778185579722,acute_15,0.05,act
2353,0,0.0,-0.0036710307436928335,acute_15,0.05,act
2354,0,0.0,-0.0004765016476430775,acute_15,0.05,act
2360,0,0.0,0.06751079498217824,acute_15,0.05,act
2362,0,0.0,0.012408319746916393,acute_15,0.05,act
2407,0,0.0,0.009947116074372429,acute_16,0.05,act
2411,0,0.0,0.001221627336363347,acute_16,0.05,act
2413,0,0.0,0.0018372248263341209,acute_16,0.05,act
2425,0,0.0,0.005287016424928466,acute_16,0.05,act
2428,0,0.0,0.0075534434409243005,acute_16,0.05,act
2429,0,0.0,0.007413987532156299,acute_16,0.05,act
2472,0,0.0,0.01769249074150723,acute_14,0.05,act
2478,0,0.0,0.003085845619812364,acute_14,0.05,act
2480,0,0.0,0.02023750746034746,acute_14,0.05,act
2487,0,0.0,0.010163557174800195,acute_14,0.05,act
2489,0,0.0,0.00021871428209739973,acute_14,0.05,act
2503,0,0.0,-0.004902014201360391,acute_14,0.05,act
2522,0,0.0,0.024021799691322045,acute_12,0.05,act
2523,0,0.0,0.05414929136266024,acute_12,0.05,act
2524,0,0.0,0.04426975415636587,acute_12,0.05,act
2525,0,0.0,0.05490501203873122,acute_12,0.05,act
2528,0,0.0,0.03243571893100115,acute_12,0.05,act
2533,0,0.0,0.006510519387037151,acute_12,0.05,act
2542,0,0.0,-0.013751891107826333,acute_12,0.05,act
2551,0,0.0,0.0432396787319719,acute_12,0.05,act
2555,0,0.0,0.026683657052183295,acute_12,0.05,act
2560,0,0.0,0.05486505267798253,acute_12,0.05,act
2562,0,0.0,0.008095285772155958,acute_12,0.05,act
2566,0,0.0,0.024325176164180156,acute_12,0.05,act
2567,0,0.0,0.0408202943061197,acute_12,0.05,act
2569,0,0.0,-0.004895505458314912,acute_12,0.05,act
2570,0,0.0,0.00758322809114682,acute_12,0.05,act
2573,0,0.0,0.03214320339920882,acute_12,0.05,act
2574,0,0.0,-0.018951814281902166,acute_12,0.05,act
2586,0,0.0,0.033631418367853404,acute_12,0.05,act
2588,0,0.0,0.023669449027976998,acute_12,0.05,act
2593,0,0.0,0.05546146175605784,acute_11,0.05,act
2595,0,0.0,0.05888996094528774,acute_11,0.05,act
2604,0,0.0,0.012671568832758096,acute_11,0.05,act
2605,0,0.0,0.0402172875188279,acute_11,0.05,act
2606,0,0.0,0.028084225159588812,acute_11,0.05,act
2607,0,0.0,0.01728434937832861,acute_11,0.05,act
2611,0,0.0,0.038245264736310174,acute_11,0.05,act
2612,0,0.0,-0.001877196057887973,acute_11,0.05,act
2613,0,0.0,0.008632866525757009,acute_11,0.05,act
2616,0,0.0,0.015495967266607368,acute_11,0.05,act
2617,0,0.0,0.0280093993978896,acute_11,0.05,act
2620,0,0.0,0.049438125587766515,acute_11,0.05,act
2621,0,0.0,0.053340491911756535,acute_11,0.05,act
2623,0,0.0,0.050740698449610606,acute_11,0.05,act
2625,0,0.0,0.08338126666924962,acute_11,0.05,act
2626,0,0.0,0.05038911379638645,acute_11,0.05,act
2629,0,0.0,-0.017517618005785704,acute_11,0.05,act
2630,0,0.0,-0.01973690773774273,acute_11,0.05,act
4,0,0.0,0.017455920157436813,ESHOCK_03_LOC1,0.1,act
5,0,0.0,0.01745592015743683,ESHOCK_03_LOC1,0.1,act
9,0,0.0,0.020647101477974647,ESHOCK_04_LOC1,0.1,act
12,0,0.0,0.019588874572854235,ESHOCK_04_LOC1,0.1,act
18,0,0.0,0.020952009442455243,ESHOCK_04_LOC1,0.1,act
22,0,0.0,-0.08781430323574392,ESHOCK_04_LOC1,0.1,act
31,0,0.0,0.01200605665262395,ESHOCK_04_LOC1,0.1,act
32,0,0.0,0.00653315639876571,ESHOCK_04_LOC1,0.1,act
35,0,0.0,0.01572526945939749,ESHOCK_04_LOC1,0.1,act
36,0,0.0,-0.07322470544984339,ESHOCK_04_LOC1,0.1,act
37,0,0.0,-0.01818440298139039,ESHOCK_04_LOC1,0.1,act
44,0,0.0,0.006598778262890586,ESHOCK_04_LOC1,0.1,act
47,0,0.0,-0.08141183073894628,ESHOCK_04_LOC1,0.1,act
48,0,0.0,0.009827665038201927,ESHOCK_06_LOC1,0.1,act
49,0,0.0,0.06996301926688163,ESHOCK_06_LOC1,0.1,act
50,0,0.0,0.013844738307305284,ESHOCK_06_LOC1,0.1,act
51,0,0.0,0.009504566859882857,ESHOCK_06_LOC1,0.1,act
52,0,0.0,0.019147890153165543,ESHOCK_06_LOC1,0.1,act
54,0,0.0,0.011901027163111965,ESHOCK_06_LOC1,0.1,act
55,0,0.0,0.013912399468598353,ESHOCK_06_LOC1,0.1,act
59,0,0.0,0.028199221120835342,ESHOCK_06_LOC1,0.1,act
62,0,0.0,0.025285841370132442,ESHOCK_06_LOC1,0.1,act
64,0,0.0,0.009297245207069113,ESHOCK_06_LOC1,0.1,act
69,0,0.0,0.009603501969029024,ESHOCK_06_LOC1,0.1,act
70,0,0.0,-0.014709664551555748,ESHOCK_06_LOC1,0.1,act
73,0,0.0,0.002038838771086287,ESHOCK_06_LOC1,0.1,act
75,0,0.0,0.026905867843958722,ESHOCK_06_LOC1,0.1,act
81,0,0.0,0.0006051222333700243,ESHOCK_07_LOC1,0.1,act
82,0,0.0,-0.009570855846565921,ESHOCK_07_LOC1,0.1,act
85,0,0.0,-0.011997238882862792,ESHOCK_07_LOC1,0.1,act
89,0,0.0,0.012310500957240757,ESHOCK_07_LOC1,0.1,act
91,0,0.0,-0.0337949380440675,ESHOCK_07_LOC1,0.1,act
92,0,0.0,0.013857711997798845,ESHOCK_07_LOC1,0.1,act
95,0,0.0,0.03455958226173228,ESHOCK_07_LOC1,0.1,act
98,0,0.0,0.006705749158153794,ESHOCK_08_LOC1,0.1,act
99,0,0.0,-0.0030492589499414306,ESHOCK_08_LOC1,0.1,act
101,0,0.0,-0.0005399481092075263,ESHOCK_08_LOC1,0.1,act
102,0,0.0,-0.014742354163635424,ESHOCK_08_LOC1,0.1,act
107,0,0.0,0.050259957898187574,ESHOCK_08_LOC1,0.1,act
108,0,0.0,-0.0020093952814138564,ESHOCK_08_LOC1,0.1,act
109,0,0.0,-0.0005092442903448042,ESHOCK_08_LOC1,0.1,act
114,0,0.0,0.11948442822866845,ESHOCK_08_LOC1,0.1,act
118,0,0.0,0.23615326280264196,ESHOCK_08_LOC1,0.1,act
121,0,0.0,-0.035519621107367984,ESHOCK_08_LOC1,0.1,act
122,0,0.0,0.12188067938667249,ESHOCK_08_LOC1,0.1,act
126,0,0.0,-0.02001323955382325,ESHOCK_08_LOC1,0.1,act
132,0,0.0,0.00028368739917624823,ESHOCK_09_LOC1,0.1,act
135,0,0.0,-0.044448338752748555,ESHOCK_09_LOC1,0.1,act
140,0,0.0,0.0452011283059964,ESHOCK_09_LOC1,0.1,act
146,0,0.0,0.008640515686308902,ESHOCK_09_LOC1,0.1,act
147,0,0.0,0.05234306689492802,ESHOCK_09_LOC1,0.1,act
151,0,0.0,-0.010457249310291511,ESHOCK_09_LOC1,0.1,act
153,0,0.0,0.010987633875502487,ESHOCK_09_LOC1,0.1,act
154,0,0.0,0.006305409248539607,ESHOCK_09_LOC1,0.1,act
155,0,0.0,0.02497853253425432,ESHOCK_09_LOC1,0.1,act
156,0,0.0,0.001365023423534427,ESHOCK_09_LOC1,0.1,act
164,0,0.0,0.051433602942055956,ESHOCK_09_LOC1,0.1,act
167,0,0.0,0.011468042317702655,ESHOCK_09_LOC1,0.1,act
178,0,0.0,0.04434716581032531,ESHOCK_09_LOC1,0.1,act
180,0,0.0,0.005611000212604275,ESHOCK_09_LOC1,0.1,act
185,0,0.0,0.06823335415361959,ESHOCK_09_LOC1,0.1,act
1011,0,0.0,-0.0033559858261575275,hamilton_10,0.1,act
1013,0,0.0,0.015906040692229027,hamilton_10,0.1,act
1014,0,0.0,-0.006637607610924694,hamilton_10,0.1,act
1021,0,0.0,-0.011137747591793494,hamilton_03,0.1,act
1022,0,0.0,0.0345827862139006,hamilton_03,0.1,act
1024,0,0.0,0.022700662821266322,hamilton_03,0.1,act
1026,0,0.0,-0.0007588632759231857,hamilton_03,0.1,act
1027,0,0.0,0.043011386613359515,hamilton_03,0.1,act
1032,0,0.0,-0.010850842461073072,hamilton_04,0.1,act
1036,0,0.0,-0.010337089095921579,hamilton_04,0.1,act
1041,0,0.0,-0.03521732926785508,hamilton_04,0.1,act
1044,0,0.0,-0.01812108263132558,hamilton_04,0.1,act
1047,0,0.0,-0.02224757638780067,hamilton_04,0.1,act
1050,0,0.0,-0.03136881873641837,hamilton_04,0.1,act
1052,0,0.0,-0.008240247258695457,hamilton_09,0.1,act
1053,0,0.0,0.024671625224147297,hamilton_09,0.1,act
1055,0,0.0,0.025977375447357523,hamilton_09,0.1,act
1057,0,0.0,0.011210815711458471,hamilton_09,0.1,act
1058,0,0.0,-0.04222942151843644,hamilton_09,0.1,act
1060,0,0.0,0.013082560449126595,hamilton_09,0.1,act
1061,0,0.0,-0.03571529860857448,hamilton_09,0.1,act
2291,0,0.0,0.002247897925675536,acute_15,0.1,act
2296,0,0.0,0.07537173273565696,acute_15,0.1,act
2299,0,0.0,-0.07037738726400515,acute_15,0.1,act
2305,0,0.0,0.23007425770892487,acute_15,0.1,act
2306,0,0.0,0.2384107844365966,acute_15,0.1,act
2309,0,0.0,0.133996963273327,acute_15,0.1,act
2316,0,0.0,0.010242212867912583,acute_15,0.1,act
2324,0,0.0,0.1065590104785416,acute_15,0.1,act
2338,0,0.0,0.06401509251208164,acute_15,0.1,act
2344,0,0.0,0.07483761112766535,acute_15,0.1,act
2348,0,0.0,0.24494348994522347,acute_15,0.1,act
2352,0,0.0,0.20709734343493694,acute_15,0.1,act
2354,0,0.0,0.007348815533234796,acute_15,0.1,act
2359,0,0.0,-0.02024465808658069,acute_15,0.1,act
2360,0,0.0,0.08749826339770629,acute_15,0.1,act
2406,0,0.0,-0.015850003248247944,acute_16,0.1,act
2407,0,0.0,-0.010437663028937234,acute_16,0.1,act
2410,0,0.0,0.011161324721970584,acute_16,0.1,act
2415,0,0.0,0.019567781996853897,acute_16,0.1,act
2420,0,0.0,-0.018060242882508726,acute_16,0.1,act
2425,0,0.0,-0.000870154067377036,acute_16,0.1,act
2429,0,0.0,0.00025153091624415945,acute_16,0.1,act
2465,0,0.0,0.00630978562436716,acute_14,0.1,act
2478,0,0.0,-0.0035225123545560844,acute_14,0.1,act
2481,0,0.0,0.011966688303578629,acute_14,0.1,act
2489,0,0.0,0.004769940060937769,acute_14,0.1,act
2493,0,0.0,0.018397753831331316,acute_14,0.1,act
2494,0,0.0,0.019960620652914828,acute_14,0.1,act
2496,0,0.0,0.02156893225708631,acute_14,0.1,act
2523,0,0.0,0.02834646503015724,acute_12,0.1,act
2524,0,0.0,0.07251721559601039,acute_12,0.1,act
2527,0,0.0,0.02031536807682084,acute_12,0.1,act
2529,0,0.0,0.11113134875938638,acute_12,0.1,act
2531,0,0.0,0.0928462739887865,acute_12,0.1,act
2533,0,0.0,0.009240683541386428,acute_12,0.1,act
2548,0,0.0,0.07953295631336055,acute_12,0.1,act
2558,0,0.0,0.020134047468441687,acute_12,0.1,act
2559,0,0.0,0.072860996872599,acute_12,0.1,act
2560,0,0.0,0.09802870273483309,acute_12,0.1,act
2567,0,0.0,0.10536588271418082,acute_12,0.1,act
2568,0,0.0,-0.009184898926179184,acute_12,0.1,act
2569,0,0.0,-0.013076834979693164,acute_12,0.1,act
2570,0,0.0,0.012533238457916455,acute_12,0.1,act
2574,0,0.0,-0.027677157144888314,acute_12,0.1,act
2577,0,0.0,0.00020154667725970303,acute_12,0.1,act
2578,0,0.0,0.12762572293415586,acute_12,0.1,act
2589,0,0.0,-0.013012562369860243,acute_12,0.1,act
2595,0,0.0,0.03288715773549922,acute_11,0.1,act
2596,0,0.0,0.07427329071971231,acute_11,0.1,act
2598,0,0.0,0.05454013435613576,acute_11,0.1,act
2604,0,0.0,0.04182963392886159,acute_11,0.1,act
2607,0,0.0,0.09149196328563389,acute_11,0.1,act
2608,0,0.0,0.10004002505854669,acute_11,0.1,act
2609,0,0.0,-0.02566381832101634,acute_11,0.1,act
2610,0,0.0,0.018559117051219057,acute_11,0.1,act
2611,0,0.0,-0.0338372746085313,acute_11,0.1,act
2613,0,0.0,0.0037001655838139703,acute_11,0.1,act
2618,0,0.0,-0.020889201781390046,acute_11,0.1,act
2624,0,0.0,0.15939331003219803,acute_11,0.1,act
2629,0,0.0,-0.06083563276266413,acute_11,0.1,act
2634,0,0.0,0.020806130451515404,acute_11,0.1,act
4,0,0.0,0.027372300169383232,ESHOCK_03_LOC1,0.5,act
5,0,0.0,0.027372300169383253,ESHOCK_03_LOC1,0.5,act
18,0,0.0,0.16646002818808667,ESHOCK_04_LOC1,0.5,act
22,0,0.0,-0.2530475015960664,ESHOCK_04_LOC1,0.5,act
31,0,0.0,0.15540457095766508,ESHOCK_04_LOC1,0.5,act
33,0,0.0,0.08818859260129612,ESHOCK_04_LOC1,0.5,act
35,0,0.0,0.08823099211585902,ESHOCK_04_LOC1,0.5,act
36,0,0.0,-0.28346600208420303,ESHOCK_04_LOC1,0.5,act
37,0,0.0,-0.08028665086061627,ESHOCK_04_LOC1,0.5,act
39,0,0.0,0.10633348928378547,ESHOCK_04_LOC1,0.5,act
41,0,0.0,-0.12325389781732633,ESHOCK_04_LOC1,0.5,act
42,0,0.0,0.023456433553002736,ESHOCK_04_LOC1,0.5,act
44,0,0.0,0.00026321851089867266,ESHOCK_04_LOC1,0.5,act
46,0,0.0,0.15715924901566117,ESHOCK_04_LOC1,0.5,act
47,0,0.0,-0.30484267708288837,ESHOCK_04_LOC1,0.5,act
48,0,0.0,0.060214343131526724,ESHOCK_06_LOC1,0.5,act
51,0,0.0,-0.0695034224024303,ESHOCK_06_LOC1,0.5,act
52,0,0.0,0.08741463174872957,ESHOCK_06_LOC1,0.5,act
54,0,0.0,0.048906802644650776,ESHOCK_06_LOC1,0.5,act
57,0,0.0,0.12094015045892474,ESHOCK_06_LOC1,0.5,act
59,0,0.0,0.0741250440077683,ESHOCK_06_LOC1,0.5,act
62,0,0.0,-0.025859620461340407,ESHOCK_06_LOC1,0.5,act
63,0,0.0,0.009514946796555316,ESHOCK_06_LOC1,0.5,act
64,0,0.0,-0.04709492246273258,ESHOCK_06_LOC1,0.5,act
73,0,0.0,-0.0003570227482176147,ESHOCK_06_LOC1,0.5,act
75,0,0.0,0.07694940907956506,ESHOCK_06_LOC1,0.5,act
84,0,0.0,-0.05542311271778423,ESHOCK_07_LOC1,0.5,act
89,0,0.0,0.029152538081870082,ESHOCK_07_LOC1,0.5,act
90,0,0.0,0.01875706414249393,ESHOCK_07_LOC1,0.5,act
98,0,0.0,0.02523287779808878,ESHOCK_08_LOC1,0.5,act
99,0,0.0,-0.002842536339803452,ESHOCK_08_LOC1,0.5,act
110,0,0.0,0.017142440805192477,ESHOCK_08_LOC1,0.5,act
114,0,0.0,-0.009789435850962742,ESHOCK_08_LOC1,0.5,act
115,0,0.0,-0.02732364705637387,ESHOCK_08_LOC1,0.5,act
116,0,0.0,0.06377394053533246,ESHOCK_08_LOC1,0.5,act
122,0,0.0,0.01030754637952152,ESHOCK_08_LOC1,0.5,act
132,0,0.0,0.06535277808001788,ESHOCK_09_LOC1,0.5,act
139,0,0.0,0.14043328640141278,ESHOCK_09_LOC1,0.5,act
151,0,0.0,-0.06500035087762182,ESHOCK_09_LOC1,0.5,act
153,0,0.0,-0.030624084532520777,ESHOCK_09_LOC1,0.5,act
154,0,0.0,0.032972102809025544,ESHOCK_09_LOC1,0.5,act
156,0,0.0,-0.02488373788701666,ESHOCK_09_LOC1,0.5,act
157,0,0.0,0.053176110851901916,ESHOCK_09_LOC1,0.5,act
161,0,0.0,0.10358132828825618,ESHOCK_09_LOC1,0.5,act
166,0,0.0,0.21830738347699555,ESHOCK_09_LOC1,0.5,act
182,0,0.0,0.09354270698712393,ESHOCK_09_LOC1,0.5,act
1011,0,0.0,-0.021897818251561927,hamilton_10,0.5,act
1014,0,0.0,-0.03608443040032266,hamilton_10,0.5,act
1016,0,0.0,-0.02467601739309698,hamilton_10,0.5,act
1018,0,0.0,-0.010062353146128517,hamilton_10,0.5,act
1019,0,0.0,0.02043989756668882,hamilton_10,0.5,act
1020,0,0.0,0.05018731582644329,hamilton_10,0.5,act
1026,0,0.0,0.06305925873698884,hamilton_03,0.5,act
1027,0,0.0,0.061626717793776285,hamilton_03,0.5,act
1029,0,0.0,-0.029248022671786347,hamilton_03,0.5,act
1030,0,0.0,0.054956100481315974,hamilton_03,0.5,act
1031,0,0.0,0.18600583539853263,hamilton_04,0.5,act
1036,0,0.0,0.023623643622491832,hamilton_04,0.5,act
1037,0,0.0,0.12571573696966618,hamilton_04,0.5,act
1041,0,0.0,-0.017891704385607485,hamilton_04,0.5,act
1044,0,0.0,0.07315010727089273,hamilton_04,0.5,act
1049,0,0.0,0.042142296258503166,hamilton_04,0.5,act
1051,0,0.0,0.19445869759910905,hamilton_09,0.5,act
1053,0,0.0,0.051712935566655634,hamilton_09,0.5,act
1054,0,0.0,0.05206329021516324,hamilton_09,0.5,act
1055,0,0.0,0.006087811117673404,hamilton_09,0.5,act
1056,0,0.0,0.19445869759910905,hamilton_09,0.5,act
1057,0,0.0,-0.121708041395379,hamilton_09,0.5,act
1059,0,0.0,0.13761361487295612,hamilton_09,0.5,act
1061,0,0.0,-0.12220519380267313,hamilton_09,0.5,act
1068,0,0.0,-0.04224361794250487,hamilton_09,0.5,act
2291,0,0.0,0.07669296787772505,acute_15,0.5,act
2298,0,0.0,0.08991902867737617,acute_15,0.5,act
2299,0,0.0,-0.1724926477248784,acute_15,0.5,act
2301,0,0.0,-0.2113841641223099,acute_15,0.5,act
2305,0,0.0,0.1266198628668197,acute_15,0.5,act
2324,0,0.0,0.13658229558238122,acute_15,0.5,act
2328,0,0.0,0.1545741338076252,acute_15,0.5,act
2334,0,0.0,0.06317841501809819,acute_15,0.5,act
2335,0,0.0,-0.001375998144724587,acute_15,0.5,act
2337,0,0.0,-0.07581875129377398,acute_15,0.5,act
2344,0,0.0,0.04186029980427557,acute_15,0.5,act
2347,0,0.0,0.005662942967159445,acute_15,0.5,act
2360,0,0.0,0.06542189471934012,acute_15,0.5,act
2362,0,0.0,0.07360267052253111,acute_15,0.5,act
2406,0,0.0,-0.05650173187242112,acute_16,0.5,act
2410,0,0.0,-0.03305581309854721,acute_16,0.5,act
2411,0,0.0,-0.04254250465204693,acute_16,0.5,act
2412,0,0.0,-0.0007529728296792589,acute_16,0.5,act
2413,0,0.0,0.011943737705413664,acute_16,0.5,act
2418,0,0.0,-0.027279227512705662,acute_16,0.5,act
2422,0,0.0,-0.013838815979127771,acute_16,0.5,act
2463,0,0.0,-0.027608476324035014,acute_14,0.5,act
2465,0,0.0,-0.0006207494964545092,acute_14,0.5,act
2472,0,0.0,0.011293227106836412,acute_14,0.5,act
2475,0,0.0,0.20603629213625166,acute_14,0.5,act
2476,0,0.0,0.07246493840771358,acute_14,0.5,act
2485,0,0.0,0.15008185873250357,acute_14,0.5,act
2493,0,0.0,-0.08811829983714875,acute_14,0.5,act
2503,0,0.0,0.15817938293680905,acute_14,0.5,act
2523,0,0.0,0.028526961238995615,acute_12,0.5,act
2527,0,0.0,0.0667729755949299,acute_12,0.5,act
2533,0,0.0,0.011536488613003135,acute_12,0.5,act
2559,0,0.0,0.17519117030790352,acute_12,0.5,act
2563,0,0.0,0.21659600593643938,acute_12,0.5,act
2564,0,0.0,0.001608912462850614,acute_12,0.5,act
2566,0,0.0,0.13546628785479609,acute_12,0.5,act
2567,0,0.0,0.1976399201550755,acute_12,0.5,act
2568,0,0.0,-0.03432817439164086,acute_12,0.5,act
2569,0,0.0,-0.04364249591463495,acute_12,0.5,act
2573,0,0.0,0.214085221387957,acute_12,0.5,act
2574,0,0.0,-0.06854172667895088,acute_12,0.5,act
2577,0,0.0,0.0314856121309256,acute_12,0.5,act
2585,0,0.0,0.1532165071628415,acute_12,0.5,act
2587,0,0.0,0.09355346708914843,acute_12,0.5,act
2589,0,0.0,0.0036620651030401393,acute_12,0.5,act
2590,0,0.0,0.29615960839377736,acute_12,0.5,act
2594,0,0.0,0.16033730035163765,acute_11,0.5,act
2595,0,0.0,0.191447766416388,acute_11,0.5,act
2601,0,0.0,0.11221475510838338,acute_11,0.5,act
2604,0,0.0,0.09226542547499847,acute_11,0.5,act
2605,0,0.0,0.22723563522895274,acute_11,0.5,act
2606,0,0.0,0.16878948292935123,acute_11,0.5,act
2607,0,0.0,0.21459786740466108,acute_11,0.5,act
2608,0,0.0,0.20862370098710123,acute_11,0.5,act
2609,0,0.0,0.09325671229640509,acute_11,0.5,act
2610,0,0.0,-0.006581639330058635,acute_11,0.5,act
2611,0,0.0,-0.03313063464578694,acute_11,0.5,act
2612,0,0.0,-0.08740390485860039,acute_11,0.5,act
2616,0,0.0,0.09413947048814524,acute_11,0.5,act
2619,0,0.0,-0.03229850417366125,acute_11,0.5,act
2621,0,0.0,0.030304827351868666,acute_11,0.5,act
2625,0,0.0,0.17424199196528914,acute_11,0.5,act
2627,0,0.0,0.01459888133389825,acute_11,0.5,act
2628,0,0.0,-0.013991326355616661,acute_11,0.5,act
2629,0,0.0,-0.07738258393180454,acute_11,0.5,act
6,0,0.0,,ESHOCK_03_LOC1,1.0,act
9,0,0.0,0.2298069281333624,ESHOCK_04_LOC1,1.0,act
22,0,0.0,-0.30501579585384514,ESHOCK_04_LOC1,1.0,act
27,0,0.0,-0.009766428421832351,ESHOCK_04_LOC1,1.0,act
31,0,0.0,0.3144980164302295,ESHOCK_04_LOC1,1.0,act
32,0,0.0,0.30519175269637266,ESHOCK_04_LOC1,1.0,act
33,0,0.0,0.18473088033609134,ESHOCK_04_LOC1,1.0,act
34,0,0.0,0.04748363567111403,ESHOCK_04_LOC1,1.0,act
35,0,0.0,0.18180230565472716,ESHOCK_04_LOC1,1.0,act
36,0,0.0,-0.38248959858035986,ESHOCK_04_LOC1,1.0,act
37,0,0.0,-0.08471266712705464,ESHOCK_04_LOC1,1.0,act
39,0,0.0,0.34209241169954,ESHOCK_04_LOC1,1.0,act
40,0,0.0,0.34041314834350966,ESHOCK_04_LOC1,1.0,act
41,0,0.0,-0.12979805648160694,ESHOCK_04_LOC1,1.0,act
42,0,0.0,0.07207827572818137,ESHOCK_04_LOC1,1.0,act
44,0,0.0,0.031025049406171054,ESHOCK_04_LOC1,1.0,act
46,0,0.0,0.30205253584006403,ESHOCK_04_LOC1,1.0,act
47,0,0.0,-0.3910346240990197,ESHOCK_04_LOC1,1.0,act
48,0,0.0,-0.127460512419044,ESHOCK_06_LOC1,1.0,act
51,0,0.0,0.014272759361491132,ESHOCK_06_LOC1,1.0,act
54,0,0.0,-0.13069880305705153,ESHOCK_06_LOC1,1.0,act
58,0,0.0,-0.02998039534006458,ESHOCK_06_LOC1,1.0,act
62,0,0.0,0.04876292329626191,ESHOCK_06_LOC1,1.0,act
63,0,0.0,-0.00787030419726292,ESHOCK_06_LOC1,1.0,act
64,0,0.0,-0.023000466530336577,ESHOCK_06_LOC1,1.0,act
71,0,0.0,0.00725411139551101,ESHOCK_06_LOC1,1.0,act
73,0,0.0,-0.10688216604928194,ESHOCK_06_LOC1,1.0,act
76,0,0.0,-0.02132900618847827,ESHOCK_06_LOC1,1.0,act
84,0,0.0,0.0872211637596438,ESHOCK_07_LOC1,1.0,act
86,0,0.0,0.2335430390842998,ESHOCK_07_LOC1,1.0,act
88,0,0.0,0.2266600107050889,ESHOCK_07_LOC1,1.0,act
91,0,0.0,0.09688752354861968,ESHOCK_07_LOC1,1.0,act
92,0,0.0,0.2271759042076766,ESHOCK_07_LOC1,1.0,act
93,0,0.0,0.2346524138081552,ESHOCK_07_LOC1,1.0,act
94,0,0.0,0.22243331116864123,ESHOCK_07_LOC1,1.0,act
95,0,0.0,0.2670239621139623,ESHOCK_07_LOC1,1.0,act
98,0,0.0,0.012061316724466599,ESHOCK_08_LOC1,1.0,act
100,0,0.0,0.30200351382747775,ESHOCK_08_LOC1,1.0,act
107,0,0.0,0.09694789013612544,ESHOCK_08_LOC1,1.0,act
110,0,0.0,0.009149757198707097,ESHOCK_08_LOC1,1.0,act
114,0,0.0,0.34649767034504175,ESHOCK_08_LOC1,1.0,act
115,0,0.0,0.003005478143951623,ESHOCK_08_LOC1,1.0,act
116,0,0.0,0.04771222027312694,ESHOCK_08_LOC1,1.0,act
128,0,0.0,0.34649767034504175,ESHOCK_08_LOC1,1.0,act
137,0,0.0,0.08568454353113983,ESHOCK_09_LOC1,1.0,act
138,0,0.0,0.02389160952614342,ESHOCK_09_LOC1,1.0,act
151,0,0.0,-0.12050926125876026,ESHOCK_09_LOC1,1.0,act
152,0,0.0,0.19623051149471726,ESHOCK_09_LOC1,1.0,act
154,0,0.0,0.07624158263817948,ESHOCK_09_LOC1,1.0,act
158,0,0.0,-0.02112960096294849,ESHOCK_09_LOC1,1.0,act
159,0,0.0,0.07983513620945343,ESHOCK_09_LOC1,1.0,act
161,0,0.0,0.21689940523905352,ESHOCK_09_LOC1,1.0,act
162,0,0.0,0.3184578594709872,ESHOCK_09_LOC1,1.0,act
164,0,0.0,0.29135216167889527,ESHOCK_09_LOC1,1.0,act
176,0,0.0,-0.16746476395858076,ESHOCK_09_LOC1,1.0,act
177,0,0.0,0.2907663627542423,ESHOCK_09_LOC1,1.0,act
179,0,0.0,0.0824388588278278,ESHOCK_09_LOC1,1.0,act
180,0,0.0,0.009753825835095447,ESHOCK_09_LOC1,1.0,act
181,0,0.0,0.0662280162008504,ESHOCK_09_LOC1,1.0,act
185,0,0.0,0.15622640587798678,ESHOCK_09_LOC1,1.0,act
1014,0,0.0,0.030518659422715467,hamilton_10,1.0,act
1016,0,0.0,0.06632008714085684,hamilton_10,1.0,act
1018,0,0.0,0.006222604910785682,hamilton_10,1.0,act
1021,0,0.0,-0.12307175344025555,hamilton_03,1.0,act
1022,0,0.0,0.11646410820610582,hamilton_03,1.0,act
1027,0,0.0,0.06514794211336879,hamilton_03,1.0,act
1028,0,0.0,-0.07784450717370761,hamilton_03,1.0,act
1029,0,0.0,-0.04927894556311611,hamilton_03,1.0,act
1036,0,0.0,0.030469243638900002,hamilton_04,1.0,act
1037,0,0.0,0.0961891822134799,hamilton_04,1.0,act
1040,0,0.0,0.010000678829108092,hamilton_04,1.0,act
1044,0,0.0,0.027450515172903457,hamilton_04,1.0,act
1048,0,0.0,-0.07735908989352618,hamilton_04,1.0,act
1049,0,0.0,0.09834102157689308,hamilton_04,1.0,act
1051,0,0.0,0.14448036785467985,hamilton_09,1.0,act
1053,0,0.0,0.17074933271986037,hamilton_09,1.0,act
1054,0,0.0,0.13052243010193273,hamilton_09,1.0,act
1055,0,0.0,0.0757741695847143,hamilton_09,1.0,act
1056,0,0.0,0.14448036785467985,hamilton_09,1.0,act
1057,0,0.0,-0.13834479012966638,hamilton_09,1.0,act
1059,0,0.0,0.20888191425933755,hamilton_09,1.0,act
1060,0,0.0,0.22975228044012316,hamilton_09,1.0,act
1061,0,0.0,-0.2278347791073942,hamilton_09,1.0,act
1068,0,0.0,0.0026203196917558595,hamilton_09,1.0,act
2291,0,0.0,0.1063851537300219,acute_15,1.0,act
2298,0,0.0,0.1801036897943894,acute_15,1.0,act
2299,0,0.0,-0.12110693502528674,acute_15,1.0,act
2301,0,0.0,-0.17915282283128067,acute_15,1.0,act
2316,0,0.0,0.08334765904986795,acute_15,1.0,act
2324,0,0.0,0.20977048267879683,acute_15,1.0,act
2328,0,0.0,0.2115161351205964,acute_15,1.0,act
2334,0,0.0,0.11626595583805169,acute_15,1.0,act
2335,0,0.0,-0.09290590259623314,acute_15,1.0,act
2337,0,0.0,-0.030143975395603838,acute_15,1.0,act
2344,0,0.0,-0.07268159245140175,acute_15,1.0,act
2348,0,0.0,0.09452277228693957,acute_15,1.0,act
2360,0,0.0,-0.03818285644019854,acute_15,1.0,act
2362,0,0.0,0.14462448907260508,acute_15,1.0,act
2406,0,0.0,-0.16596989884097949,acute_16,1.0,act
2407,0,0.0,-0.05269331858014981,acute_16,1.0,act
2408,0,0.0,0.06705010340585099,acute_16,1.0,act
2410,0,0.0,0.06461113884085797,acute_16,1.0,act
2414,0,0.0,0.10849888165806698,acute_16,1.0,act
2418,0,0.0,-0.07597852772458084,acute_16,1.0,act
2420,0,0.0,0.10340730539558207,acute_16,1.0,act
2422,0,0.0,0.09604882875850526,acute_16,1.0,act
2424,0,0.0,0.2019811850041361,acute_16,1.0,act
2465,0,0.0,0.05641653082596495,acute_14,1.0,act
2475,0,0.0,0.214717918238666,acute_14,1.0,act
2480,0,0.0,-0.08558322361047262,acute_14,1.0,act
2485,0,0.0,0.13848600899294994,acute_14,1.0,act
2493,0,0.0,-0.10145278441460305,acute_14,1.0,act
2494,0,0.0,-0.05271229390398946,acute_14,1.0,act
2503,0,0.0,0.21166959505729088,acute_14,1.0,act
2522,0,0.0,-0.011906904838462554,acute_12,1.0,act
2526,0,0.0,0.2751109029978409,acute_12,1.0,act
2531,0,0.0,0.3709947504821928,acute_12,1.0,act
2542,0,0.0,-0.10859533494440138,acute_12,1.0,act
2555,0,0.0,0.3336549056313645,acute_12,1.0,act
2558,0,0.0,0.05667992796599558,acute_12,1.0,act
2564,0,0.0,0.00013783889931228034,acute_12,1.0,act
2566,0,0.0,0.13339172041205738,acute_12,1.0,act
2568,0,0.0,-0.06163447443352667,acute_12,1.0,act
2571,0,0.0,0.35352100765551353,acute_12,1.0,act
2573,0,0.0,0.23300353595223988,acute_12,1.0,act
2574,0,0.0,-0.029974018986680423,acute_12,1.0,act
2577,0,0.0,0.042259704051055856,acute_12,1.0,act
2578,0,0.0,0.34184929137572717,acute_12,1.0,act
2586,0,0.0,0.16433365790810045,acute_12,1.0,act
2587,0,0.0,0.029370837069821517,acute_12,1.0,act
2590,0,0.0,0.36583498404869197,acute_12,1.0,act
2596,0,0.0,0.18923994731474172,acute_11,1.0,act
2601,0,0.0,0.11277587113879768,acute_11,1.0,act
2603,0,0.0,0.2189565001294857,acute_11,1.0,act
2604,0,0.0,0.0725881238016838,acute_11,1.0,act
2605,0,0.0,0.1929872751388274,acute_11,1.0,act
2606,0,0.0,0.14900266650971353,acute_11,1.0,act
2608,0,0.0,0.17818411646706442,acute_11,1.0,act
2612,0,0.0,-0.05398690584001711,acute_11,1.0,act
2616,0,0.0,0.07427268078756318,acute_11,1.0,act
2617,0,0.0,0.06511761944306874,acute_11,1.0,act
2622,0,0.0,-0.07059747096799586,acute_11,1.0,act
2627,0,0.0,0.01983378918181684,acute_11,1.0,act
2628,0,0.0,-0.051998878166891464,acute_11,1.0,act
