neuron_id,lag,time,cc,session_name,bin_width,block
1034,0,0.0,0.027650122031210866,hamilton_04,0.05,pre
1044,0,0.0,0.00956623380774835,hamilton_04,0.05,pre
1046,0,0.0,0.04050309509056532,hamilton_04,0.05,pre
1052,0,0.0,0.01525171781496892,hamilton_09,0.05,pre
1053,0,0.0,0.010246190225645088,hamilton_09,0.05,pre
1054,0,0.0,0.007038332365885014,hamilton_09,0.05,pre
1055,0,0.0,-0.0012138398007375993,hamilton_09,0.05,pre
1058,0,0.0,-0.029090100147646923,hamilton_09,0.05,pre
1060,0,0.0,0.0043818734854074665,hamilton_09,0.05,pre
1061,0,0.0,0.015986392746674915,hamilton_09,0.05,pre
1068,0,0.0,-0.0017917502596003952,hamilton_09,0.05,pre
1613,0,0.0,-0.0017722694327628522,hamilton_31,0.05,pre
1619,0,0.0,0.017131289472607288,hamilton_31,0.05,pre
1622,0,0.0,0.021196863193789904,hamilton_31,0.05,pre
1623,0,0.0,0.0032254166059830676,hamilton_31,0.05,pre
1632,0,0.0,0.006207649606995203,hamilton_31,0.05,pre
1639,0,0.0,-0.003433673122055597,hamilton_31,0.05,pre
1640,0,0.0,-0.01553518564465366,hamilton_31,0.05,pre
1645,0,0.0,0.01144073369943952,hamilton_31,0.05,pre
1648,0,0.0,0.008285746206174876,hamilton_31,0.05,pre
1655,0,0.0,0.006694226651836336,hamilton_31,0.05,pre
1657,0,0.0,0.01216684022303027,hamilton_31,0.05,pre
1660,0,0.0,-0.03431759406004535,hamilton_31,0.05,pre
1664,0,0.0,0.010927818090488291,hamilton_31,0.05,pre
1666,0,0.0,0.018532627676945055,hamilton_31,0.05,pre
1668,0,0.0,0.004953137776769502,hamilton_31,0.05,pre
1671,0,0.0,0.018499584530294638,hamilton_31,0.05,pre
1676,0,0.0,-0.008258999068800387,hamilton_31,0.05,pre
1678,0,0.0,0.01087698906494343,hamilton_31,0.05,pre
1679,0,0.0,-0.008293766109609163,hamilton_31,0.05,pre
1684,0,0.0,0.010209531966358668,hamilton_31,0.05,pre
1691,0,0.0,0.003810637154007021,hamilton_38,0.05,pre
1693,0,0.0,0.010680302949691795,hamilton_38,0.05,pre
1695,0,0.0,0.027187536598524634,hamilton_38,0.05,pre
1697,0,0.0,0.006059327074509201,hamilton_38,0.05,pre
1708,0,0.0,0.0054302339208621014,hamilton_38,0.05,pre
1712,0,0.0,-0.06715363232896013,hamilton_38,0.05,pre
1715,0,0.0,-0.007202310783768582,hamilton_38,0.05,pre
1721,0,0.0,0.0260771350260544,hamilton_38,0.05,pre
1725,0,0.0,0.09224665193712417,hamilton_38,0.05,pre
1728,0,0.0,0.01625028984755768,hamilton_38,0.05,pre
1733,0,0.0,0.056516183721464094,hamilton_38,0.05,pre
1735,0,0.0,0.013922922696380331,hamilton_38,0.05,pre
1736,0,0.0,0.005678165061685254,hamilton_38,0.05,pre
1748,0,0.0,0.006243278663586243,hamilton_38,0.05,pre
1749,0,0.0,0.05188431208462042,hamilton_38,0.05,pre
1754,0,0.0,0.03845227417433993,hamilton_38,0.05,pre
1755,0,0.0,0.014015753329596998,hamilton_38,0.05,pre
1760,0,0.0,0.036442554835503856,hamilton_37,0.05,pre
1767,0,0.0,-0.02517094538729647,hamilton_37,0.05,pre
1775,0,0.0,-0.011455962452510867,hamilton_37,0.05,pre
1795,0,0.0,8.39309877632121e-05,hamilton_37,0.05,pre
1800,0,0.0,0.02611836604029466,hamilton_37,0.05,pre
1810,0,0.0,0.01918232274305455,hamilton_37,0.05,pre
1811,0,0.0,-0.0031677996849137796,hamilton_37,0.05,pre
1812,0,0.0,0.028008747489005153,hamilton_37,0.05,pre
1820,0,0.0,-0.018828213261773176,hamilton_37,0.05,pre
1821,0,0.0,-0.018511734641600636,hamilton_37,0.05,pre
1826,0,0.0,0.048435204234186,hamilton_37,0.05,pre
1829,0,0.0,0.02898464257259979,hamilton_37,0.05,pre
1831,0,0.0,0.03575277107345817,hamilton_37,0.05,pre
1833,0,0.0,0.034368927055035324,hamilton_37,0.05,pre
1836,0,0.0,0.020011568649042275,hamilton_37,0.05,pre
1842,0,0.0,-0.009640317311998638,hamilton_35,0.05,pre
1844,0,0.0,0.197717925411125,hamilton_35,0.05,pre
1846,0,0.0,0.02846688955639724,hamilton_35,0.05,pre
1850,0,0.0,0.025923311891539152,hamilton_35,0.05,pre
1857,0,0.0,0.07125800242748341,hamilton_35,0.05,pre
1858,0,0.0,0.0031117613914069934,hamilton_35,0.05,pre
1864,0,0.0,0.2103744568533827,hamilton_35,0.05,pre
1867,0,0.0,0.02048126353600698,hamilton_35,0.05,pre
1869,0,0.0,0.033597101287696135,hamilton_35,0.05,pre
1871,0,0.0,0.06811851747789893,hamilton_35,0.05,pre
1878,0,0.0,0.03675892561110594,hamilton_35,0.05,pre
1879,0,0.0,0.04172883755117929,hamilton_35,0.05,pre
1881,0,0.0,0.033162280956415914,hamilton_35,0.05,pre
1883,0,0.0,0.020194259087798518,hamilton_35,0.05,pre
1885,0,0.0,0.019902401204287618,hamilton_35,0.05,pre
1887,0,0.0,0.06600189670699397,hamilton_35,0.05,pre
1890,0,0.0,-0.03266210883269477,hamilton_35,0.05,pre
1896,0,0.0,-0.08305707397786495,hamilton_35,0.05,pre
1899,0,0.0,0.1376867528592986,hamilton_35,0.05,pre
1900,0,0.0,-0.005412000567200373,hamilton_35,0.05,pre
1902,0,0.0,0.04250422377700256,hamilton_35,0.05,pre
1906,0,0.0,0.031329824943053475,hamilton_35,0.05,pre
1911,0,0.0,0.008693370267077985,hamilton_36,0.05,pre
1914,0,0.0,0.006159813185904655,hamilton_36,0.05,pre
1917,0,0.0,0.00808036563620077,hamilton_36,0.05,pre
1921,0,0.0,-0.0053516131664590365,hamilton_36,0.05,pre
1928,0,0.0,0.00968674857846796,hamilton_36,0.05,pre
1929,0,0.0,0.001638317238352359,hamilton_36,0.05,pre
1930,0,0.0,0.008742209993464306,hamilton_36,0.05,pre
1931,0,0.0,0.011320240464050675,hamilton_36,0.05,pre
1942,0,0.0,0.007435820037953543,hamilton_36,0.05,pre
1951,0,0.0,0.01372407943605688,hamilton_36,0.05,pre
1961,0,0.0,0.013463984020148107,hamilton_32,0.05,pre
1962,0,0.0,0.005343814692804726,hamilton_32,0.05,pre
1969,0,0.0,-0.020409474114728467,hamilton_32,0.05,pre
1970,0,0.0,0.00223277451451964,hamilton_32,0.05,pre
1975,0,0.0,0.012529050157781501,hamilton_32,0.05,pre
1980,0,0.0,0.024362481498712677,hamilton_32,0.05,pre
1983,0,0.0,0.017630518780190185,hamilton_32,0.05,pre
1988,0,0.0,0.00580154660943959,hamilton_32,0.05,pre
1995,0,0.0,0.0064372939744746305,hamilton_32,0.05,pre
1997,0,0.0,0.03274743632445783,hamilton_32,0.05,pre
2001,0,0.0,-0.023758862724610884,hamilton_32,0.05,pre
2002,0,0.0,-0.002543034554846378,hamilton_32,0.05,pre
1034,0,0.0,0.049469304252574536,hamilton_04,0.1,pre
1038,0,0.0,0.054963994437771425,hamilton_04,0.1,pre
1040,0,0.0,-0.029407275088783002,hamilton_04,0.1,pre
1044,0,0.0,-0.04755720387001479,hamilton_04,0.1,pre
1045,0,0.0,0.08636737214970513,hamilton_04,0.1,pre
1046,0,0.0,0.03286944360767581,hamilton_04,0.1,pre
1049,0,0.0,0.0746587235983992,hamilton_04,0.1,pre
1052,0,0.0,0.008528296386745678,hamilton_09,0.1,pre
1059,0,0.0,0.004856296326873028,hamilton_09,0.1,pre
1060,0,0.0,0.00747422614900559,hamilton_09,0.1,pre
1065,0,0.0,0.0859731170907929,hamilton_09,0.1,pre
1613,0,0.0,-0.012743955280350735,hamilton_31,0.1,pre
1615,0,0.0,-0.001309242358842584,hamilton_31,0.1,pre
1616,0,0.0,0.0038245075917161713,hamilton_31,0.1,pre
1617,0,0.0,0.01778004118345059,hamilton_31,0.1,pre
1620,0,0.0,-0.0007303027809002677,hamilton_31,0.1,pre
1622,0,0.0,0.007777998540952937,hamilton_31,0.1,pre
1623,0,0.0,0.0028667492940900392,hamilton_31,0.1,pre
1644,0,0.0,0.013233426720033822,hamilton_31,0.1,pre
1645,0,0.0,0.019136850455658216,hamilton_31,0.1,pre
1655,0,0.0,0.009672363956569062,hamilton_31,0.1,pre
1658,0,0.0,0.026277840669711457,hamilton_31,0.1,pre
1660,0,0.0,-0.09370702296428551,hamilton_31,0.1,pre
1664,0,0.0,0.02399150711219327,hamilton_31,0.1,pre
1666,0,0.0,0.03242209603884082,hamilton_31,0.1,pre
1667,0,0.0,0.012644250331121274,hamilton_31,0.1,pre
1669,0,0.0,0.05916937491817053,hamilton_31,0.1,pre
1670,0,0.0,-0.009745984845842066,hamilton_31,0.1,pre
1675,0,0.0,0.009728522934787561,hamilton_31,0.1,pre
1678,0,0.0,0.02296975298939439,hamilton_31,0.1,pre
1679,0,0.0,0.02327787598046137,hamilton_31,0.1,pre
1681,0,0.0,-0.01453037277255923,hamilton_31,0.1,pre
1690,0,0.0,0.021007695238785068,hamilton_38,0.1,pre
1697,0,0.0,0.00038253117528780595,hamilton_38,0.1,pre
1698,0,0.0,0.0627637693627934,hamilton_38,0.1,pre
1720,0,0.0,0.10560330974698866,hamilton_38,0.1,pre
1725,0,0.0,0.15269127288895304,hamilton_38,0.1,pre
1726,0,0.0,0.10585026561881936,hamilton_38,0.1,pre
1728,0,0.0,0.03255464493908208,hamilton_38,0.1,pre
1732,0,0.0,0.02753110956787671,hamilton_38,0.1,pre
1733,0,0.0,0.11730135866573088,hamilton_38,0.1,pre
1736,0,0.0,0.006598455520571194,hamilton_38,0.1,pre
1737,0,0.0,0.09141257419387526,hamilton_38,0.1,pre
1741,0,0.0,-0.0034616432950218936,hamilton_38,0.1,pre
1752,0,0.0,0.03650258843888078,hamilton_38,0.1,pre
1769,0,0.0,0.05910941933077278,hamilton_37,0.1,pre
1772,0,0.0,0.006385863487447653,hamilton_37,0.1,pre
1795,0,0.0,0.0028390125681830723,hamilton_37,0.1,pre
1800,0,0.0,0.10991923742667394,hamilton_37,0.1,pre
1810,0,0.0,0.059219409278272066,hamilton_37,0.1,pre
1812,0,0.0,0.06581963343034708,hamilton_37,0.1,pre
1815,0,0.0,0.05900357139594141,hamilton_37,0.1,pre
1817,0,0.0,0.04464840100807247,hamilton_37,0.1,pre
1820,0,0.0,-0.058079076297475066,hamilton_37,0.1,pre
1823,0,0.0,0.07234942250786724,hamilton_37,0.1,pre
1824,0,0.0,0.08062757923914804,hamilton_37,0.1,pre
1826,0,0.0,0.1573746601352853,hamilton_37,0.1,pre
1827,0,0.0,0.11034054583257712,hamilton_37,0.1,pre
1829,0,0.0,0.08569998839814445,hamilton_37,0.1,pre
1830,0,0.0,0.07924844339166744,hamilton_37,0.1,pre
1832,0,0.0,0.07799116585811697,hamilton_37,0.1,pre
1835,0,0.0,0.19653795433180932,hamilton_37,0.1,pre
1836,0,0.0,0.06498719568500823,hamilton_37,0.1,pre
1842,0,0.0,-0.02223410459853955,hamilton_35,0.1,pre
1844,0,0.0,0.2584588339322195,hamilton_35,0.1,pre
1846,0,0.0,0.06479822778274644,hamilton_35,0.1,pre
1847,0,0.0,0.08353550876577405,hamilton_35,0.1,pre
1848,0,0.0,0.03360265546875427,hamilton_35,0.1,pre
1850,0,0.0,0.04092660870159315,hamilton_35,0.1,pre
1858,0,0.0,-0.007527882675657018,hamilton_35,0.1,pre
1861,0,0.0,0.0415650190582306,hamilton_35,0.1,pre
1865,0,0.0,0.1170001852391991,hamilton_35,0.1,pre
1869,0,0.0,0.06883153452412141,hamilton_35,0.1,pre
1872,0,0.0,0.050731740024468105,hamilton_35,0.1,pre
1873,0,0.0,0.10436574664677535,hamilton_35,0.1,pre
1874,0,0.0,0.03446627991687274,hamilton_35,0.1,pre
1881,0,0.0,0.05335273160604371,hamilton_35,0.1,pre
1885,0,0.0,0.03153920552254032,hamilton_35,0.1,pre
1890,0,0.0,-0.07965024641931188,hamilton_35,0.1,pre
1893,0,0.0,0.2786603872656384,hamilton_35,0.1,pre
1897,0,0.0,0.27672052545036335,hamilton_35,0.1,pre
1900,0,0.0,-0.006503893005773188,hamilton_35,0.1,pre
1903,0,0.0,0.03734628317500459,hamilton_35,0.1,pre
1906,0,0.0,0.07666237963147779,hamilton_35,0.1,pre
1908,0,0.0,0.2978164353939608,hamilton_35,0.1,pre
1910,0,0.0,0.0871333355144274,hamilton_35,0.1,pre
1911,0,0.0,0.06412864514571084,hamilton_36,0.1,pre
1914,0,0.0,0.02263276420829648,hamilton_36,0.1,pre
1917,0,0.0,0.031418341114887116,hamilton_36,0.1,pre
1924,0,0.0,0.005710150821539806,hamilton_36,0.1,pre
1929,0,0.0,0.003943759774517798,hamilton_36,0.1,pre
1934,0,0.0,-0.0040645896592377325,hamilton_36,0.1,pre
1938,0,0.0,0.011900603255610763,hamilton_36,0.1,pre
1940,0,0.0,0.08655426378447799,hamilton_36,0.1,pre
1942,0,0.0,0.03472765626898632,hamilton_36,0.1,pre
1956,0,0.0,0.07321747636925037,hamilton_36,0.1,pre
1962,0,0.0,0.008689674115138692,hamilton_32,0.1,pre
1969,0,0.0,-0.021482615045814984,hamilton_32,0.1,pre
1970,0,0.0,0.03425463108290091,hamilton_32,0.1,pre
1973,0,0.0,0.027821629944316365,hamilton_32,0.1,pre
1975,0,0.0,0.031968632744456445,hamilton_32,0.1,pre
1980,0,0.0,0.03323136029523396,hamilton_32,0.1,pre
1982,0,0.0,0.02678516735873462,hamilton_32,0.1,pre
1985,0,0.0,0.05152643845599738,hamilton_32,0.1,pre
1988,0,0.0,0.00799027920738851,hamilton_32,0.1,pre
1989,0,0.0,0.03452810259895377,hamilton_32,0.1,pre
1990,0,0.0,-0.002328095100078652,hamilton_32,0.1,pre
1991,0,0.0,0.02554584364926629,hamilton_32,0.1,pre
1992,0,0.0,0.06436480423972996,hamilton_32,0.1,pre
1998,0,0.0,-0.003563250870821094,hamilton_32,0.1,pre
2000,0,0.0,0.05899334153198403,hamilton_32,0.1,pre
1034,0,0.0,0.12425752118501966,hamilton_04,0.5,pre
1037,0,0.0,0.1363641454473779,hamilton_04,0.5,pre
1040,0,0.0,-0.08132978213266603,hamilton_04,0.5,pre
1044,0,0.0,0.03646632708555657,hamilton_04,0.5,pre
1046,0,0.0,0.1983241166076729,hamilton_04,0.5,pre
1047,0,0.0,-0.04008990003038534,hamilton_04,0.5,pre
1050,0,0.0,0.2159697899957294,hamilton_04,0.5,pre
1056,0,0.0,0.034879695189101834,hamilton_09,0.5,pre
1057,0,0.0,-0.22848403193550035,hamilton_09,0.5,pre
1065,0,0.0,0.06622051060312255,hamilton_09,0.5,pre
1068,0,0.0,0.05169619623557935,hamilton_09,0.5,pre
1613,0,0.0,-0.06080270819215059,hamilton_31,0.5,pre
1617,0,0.0,0.07105550675543837,hamilton_31,0.5,pre
1619,0,0.0,0.1518207957091243,hamilton_31,0.5,pre
1622,0,0.0,0.05530623675494021,hamilton_31,0.5,pre
1623,0,0.0,0.00948883594395131,hamilton_31,0.5,pre
1632,0,0.0,0.10426280085236644,hamilton_31,0.5,pre
1640,0,0.0,-0.003382259305902884,hamilton_31,0.5,pre
1641,0,0.0,0.1289488585335791,hamilton_31,0.5,pre
1642,0,0.0,0.11397799494638158,hamilton_31,0.5,pre
1645,0,0.0,0.11831994426820325,hamilton_31,0.5,pre
1648,0,0.0,0.031139492149206655,hamilton_31,0.5,pre
1651,0,0.0,0.005646263678523379,hamilton_31,0.5,pre
1658,0,0.0,0.127048332439392,hamilton_31,0.5,pre
1660,0,0.0,-0.25287665295791784,hamilton_31,0.5,pre
1661,0,0.0,0.06179654881594021,hamilton_31,0.5,pre
1666,0,0.0,0.16603895635112598,hamilton_31,0.5,pre
1668,0,0.0,0.0770285546421182,hamilton_31,0.5,pre
1669,0,0.0,0.29634929394807363,hamilton_31,0.5,pre
1671,0,0.0,0.1336504286874704,hamilton_31,0.5,pre
1675,0,0.0,0.09027736954471755,hamilton_31,0.5,pre
1676,0,0.0,-0.0736496338350971,hamilton_31,0.5,pre
1679,0,0.0,0.07178900259065496,hamilton_31,0.5,pre
1680,0,0.0,0.13791857482878803,hamilton_31,0.5,pre
1683,0,0.0,0.019075845043081976,hamilton_31,0.5,pre
1685,0,0.0,0.1927378642665956,hamilton_31,0.5,pre
1686,0,0.0,0.05190986565738881,hamilton_31,0.5,pre
1691,0,0.0,-0.044961718030681753,hamilton_38,0.5,pre
1698,0,0.0,0.0727174448460249,hamilton_38,0.5,pre
1712,0,0.0,-0.274420759517519,hamilton_38,0.5,pre
1721,0,0.0,-0.0171674897493415,hamilton_38,0.5,pre
1725,0,0.0,0.23621724491000867,hamilton_38,0.5,pre
1726,0,0.0,0.089186515392237,hamilton_38,0.5,pre
1733,0,0.0,0.1383848052678757,hamilton_38,0.5,pre
1735,0,0.0,0.0388285641547796,hamilton_38,0.5,pre
1739,0,0.0,0.18886968625066622,hamilton_38,0.5,pre
1741,0,0.0,0.013893058793140815,hamilton_38,0.5,pre
1751,0,0.0,0.07081319241075495,hamilton_38,0.5,pre
1754,0,0.0,0.23134466599147463,hamilton_38,0.5,pre
1769,0,0.0,0.1879269505487758,hamilton_37,0.5,pre
1775,0,0.0,-0.05077841791458927,hamilton_37,0.5,pre
1792,0,0.0,-0.17632765328557104,hamilton_37,0.5,pre
1795,0,0.0,-0.004000530883786016,hamilton_37,0.5,pre
1800,0,0.0,0.28649047631035995,hamilton_37,0.5,pre
1810,0,0.0,0.15511862426890605,hamilton_37,0.5,pre
1811,0,0.0,0.00953070839078984,hamilton_37,0.5,pre
1812,0,0.0,0.25722341288402634,hamilton_37,0.5,pre
1814,0,0.0,0.20708620304453168,hamilton_37,0.5,pre
1819,0,0.0,0.30115694553972017,hamilton_37,0.5,pre
1820,0,0.0,-0.18942012121374632,hamilton_37,0.5,pre
1822,0,0.0,0.19909632207757377,hamilton_37,0.5,pre
1824,0,0.0,0.24226568337725074,hamilton_37,0.5,pre
1825,0,0.0,0.21393184594485368,hamilton_37,0.5,pre
1831,0,0.0,0.20252585471175175,hamilton_37,0.5,pre
1832,0,0.0,0.24129949700736775,hamilton_37,0.5,pre
1835,0,0.0,0.3787256522200073,hamilton_37,0.5,pre
1841,0,0.0,0.28887154209451205,hamilton_35,0.5,pre
1843,0,0.0,0.2573963774309325,hamilton_35,0.5,pre
1844,0,0.0,0.36973535043535805,hamilton_35,0.5,pre
1847,0,0.0,0.1957728041461152,hamilton_35,0.5,pre
1854,0,0.0,0.2551688965450839,hamilton_35,0.5,pre
1857,0,0.0,0.2413437222218686,hamilton_35,0.5,pre
1858,0,0.0,-0.0314579981225255,hamilton_35,0.5,pre
1867,0,0.0,0.21892157680168428,hamilton_35,0.5,pre
1872,0,0.0,0.23766311063416734,hamilton_35,0.5,pre
1873,0,0.0,0.15680155694001133,hamilton_35,0.5,pre
1874,0,0.0,0.0839093029552224,hamilton_35,0.5,pre
1879,0,0.0,0.14405076808658404,hamilton_35,0.5,pre
1881,0,0.0,0.25121942184305185,hamilton_35,0.5,pre
1883,0,0.0,0.10466509476106352,hamilton_35,0.5,pre
1889,0,0.0,0.28433859345594525,hamilton_35,0.5,pre
1896,0,0.0,-0.36276473901007866,hamilton_35,0.5,pre
1897,0,0.0,0.366768851966715,hamilton_35,0.5,pre
1899,0,0.0,0.3479497730876694,hamilton_35,0.5,pre
1906,0,0.0,0.2671575081846064,hamilton_35,0.5,pre
1908,0,0.0,0.41308916396930206,hamilton_35,0.5,pre
1909,0,0.0,0.06076738922335269,hamilton_35,0.5,pre
1917,0,0.0,0.13359206247559707,hamilton_36,0.5,pre
1924,0,0.0,0.03843193457391836,hamilton_36,0.5,pre
1929,0,0.0,0.038268220966786705,hamilton_36,0.5,pre
1930,0,0.0,-0.0046391873019803465,hamilton_36,0.5,pre
1942,0,0.0,0.05327399693624395,hamilton_36,0.5,pre
1945,0,0.0,0.011379510883464268,hamilton_36,0.5,pre
1949,0,0.0,0.20180035339444138,hamilton_36,0.5,pre
1952,0,0.0,0.20040008619141964,hamilton_36,0.5,pre
1956,0,0.0,0.09029101596954807,hamilton_36,0.5,pre
1959,0,0.0,0.18018747791102227,hamilton_36,0.5,pre
1960,0,0.0,-0.12605771408292007,hamilton_36,0.5,pre
1962,0,0.0,-0.027157720130194542,hamilton_32,0.5,pre
1968,0,0.0,-0.045254472828725405,hamilton_32,0.5,pre
1969,0,0.0,-0.061272266563427755,hamilton_32,0.5,pre
1980,0,0.0,0.13153611676654536,hamilton_32,0.5,pre
1983,0,0.0,0.020856678099704845,hamilton_32,0.5,pre
1984,0,0.0,0.13074501774077327,hamilton_32,0.5,pre
1985,0,0.0,0.07793055161946086,hamilton_32,0.5,pre
1990,0,0.0,0.021833320744208583,hamilton_32,0.5,pre
1991,0,0.0,0.046281096800882396,hamilton_32,0.5,pre
1993,0,0.0,-0.007356602888873733,hamilton_32,0.5,pre
1998,0,0.0,-0.03437869242827015,hamilton_32,0.5,pre
2000,0,0.0,0.11597578167814629,hamilton_32,0.5,pre
2001,0,0.0,-0.04613244749042344,hamilton_32,0.5,pre
1032,0,0.0,-0.2835061922344167,hamilton_04,1.0,pre
1034,0,0.0,0.11186300636879273,hamilton_04,1.0,pre
1035,0,0.0,0.33582835607916717,hamilton_04,1.0,pre
1040,0,0.0,-0.023898572365164992,hamilton_04,1.0,pre
1045,0,0.0,0.2944025261358452,hamilton_04,1.0,pre
1046,0,0.0,0.040597160966582425,hamilton_04,1.0,pre
1050,0,0.0,0.24590686515600726,hamilton_04,1.0,pre
1051,0,0.0,-0.00259801533305081,hamilton_09,1.0,pre
1052,0,0.0,0.026828537978554497,hamilton_09,1.0,pre
1057,0,0.0,-0.1968049395481855,hamilton_09,1.0,pre
1058,0,0.0,-0.17106494102527345,hamilton_09,1.0,pre
1060,0,0.0,-0.054177574841909916,hamilton_09,1.0,pre
1065,0,0.0,0.020745327928903712,hamilton_09,1.0,pre
1068,0,0.0,0.04707993834264669,hamilton_09,1.0,pre
1613,0,0.0,-0.11770125756380034,hamilton_31,1.0,pre
1614,0,0.0,0.07314785941185512,hamilton_31,1.0,pre
1615,0,0.0,0.06360516395976117,hamilton_31,1.0,pre
1616,0,0.0,0.10329298890328742,hamilton_31,1.0,pre
1617,0,0.0,0.10571297169170771,hamilton_31,1.0,pre
1619,0,0.0,0.21876358481457428,hamilton_31,1.0,pre
1626,0,0.0,0.3201659781572591,hamilton_31,1.0,pre
1632,0,0.0,0.1428038303315851,hamilton_31,1.0,pre
1636,0,0.0,0.18383995148233065,hamilton_31,1.0,pre
1640,0,0.0,0.014298072648107682,hamilton_31,1.0,pre
1641,0,0.0,0.18528767477559355,hamilton_31,1.0,pre
1644,0,0.0,0.1412944347417696,hamilton_31,1.0,pre
1657,0,0.0,0.2518887348745486,hamilton_31,1.0,pre
1658,0,0.0,0.20898487320448256,hamilton_31,1.0,pre
1661,0,0.0,0.07028244406143239,hamilton_31,1.0,pre
1663,0,0.0,0.37267268247816093,hamilton_31,1.0,pre
1664,0,0.0,0.18331623003899747,hamilton_31,1.0,pre
1667,0,0.0,0.17164304740386938,hamilton_31,1.0,pre
1668,0,0.0,0.10320501495416587,hamilton_31,1.0,pre
1669,0,0.0,0.3788451355723709,hamilton_31,1.0,pre
1671,0,0.0,0.19666139096324728,hamilton_31,1.0,pre
1675,0,0.0,0.1446896635884925,hamilton_31,1.0,pre
1678,0,0.0,0.11236660823694886,hamilton_31,1.0,pre
1680,0,0.0,0.22230915896477388,hamilton_31,1.0,pre
1681,0,0.0,-0.03462439795625481,hamilton_31,1.0,pre
1682,0,0.0,0.18089767745174215,hamilton_31,1.0,pre
1683,0,0.0,-0.0028132383450964592,hamilton_31,1.0,pre
1684,0,0.0,0.18446366474752324,hamilton_31,1.0,pre
1693,0,0.0,0.04479156362346105,hamilton_38,1.0,pre
1695,0,0.0,0.2613361559621437,hamilton_38,1.0,pre
1697,0,0.0,0.012095576271410379,hamilton_38,1.0,pre
1698,0,0.0,0.1869868590923657,hamilton_38,1.0,pre
1700,0,0.0,0.0851008632699021,hamilton_38,1.0,pre
1706,0,0.0,0.38121971744688105,hamilton_38,1.0,pre
1709,0,0.0,0.3204009635148384,hamilton_38,1.0,pre
1713,0,0.0,0.3881572550823225,hamilton_38,1.0,pre
1720,0,0.0,0.1464951504519009,hamilton_38,1.0,pre
1725,0,0.0,0.3657721651877821,hamilton_38,1.0,pre
1727,0,0.0,0.1756105183532283,hamilton_38,1.0,pre
1732,0,0.0,0.001787989925522278,hamilton_38,1.0,pre
1736,0,0.0,0.04043157213753188,hamilton_38,1.0,pre
1737,0,0.0,0.15119893594293835,hamilton_38,1.0,pre
1739,0,0.0,0.39770887596542015,hamilton_38,1.0,pre
1741,0,0.0,0.0862464858530393,hamilton_38,1.0,pre
1743,0,0.0,0.2511678821605245,hamilton_38,1.0,pre
1749,0,0.0,0.39407220456241876,hamilton_38,1.0,pre
1754,0,0.0,0.38682178870986,hamilton_38,1.0,pre
1760,0,0.0,0.40311024000412393,hamilton_37,1.0,pre
1769,0,0.0,0.26545325516274504,hamilton_37,1.0,pre
1772,0,0.0,0.010837582119738483,hamilton_37,1.0,pre
1795,0,0.0,0.021048558824553223,hamilton_37,1.0,pre
1810,0,0.0,0.2045527358793393,hamilton_37,1.0,pre
1811,0,0.0,0.00014814666087940915,hamilton_37,1.0,pre
1816,0,0.0,0.23046361837675852,hamilton_37,1.0,pre
1822,0,0.0,0.253489552888154,hamilton_37,1.0,pre
1823,0,0.0,0.38598524621897723,hamilton_37,1.0,pre
1824,0,0.0,0.3799514327962295,hamilton_37,1.0,pre
1829,0,0.0,0.2650768286489433,hamilton_37,1.0,pre
1833,0,0.0,0.2740704728528233,hamilton_37,1.0,pre
1835,0,0.0,0.42209006709167757,hamilton_37,1.0,pre
1837,0,0.0,0.30316124866963806,hamilton_37,1.0,pre
1842,0,0.0,-0.0782160953578121,hamilton_35,1.0,pre
1843,0,0.0,0.3464508832062526,hamilton_35,1.0,pre
1844,0,0.0,0.3640357829392343,hamilton_35,1.0,pre
1847,0,0.0,0.2458370184972876,hamilton_35,1.0,pre
1848,0,0.0,0.09871989714595973,hamilton_35,1.0,pre
1854,0,0.0,0.37858963672193335,hamilton_35,1.0,pre
1856,0,0.0,0.4117651097100121,hamilton_35,1.0,pre
1857,0,0.0,0.3187586326482528,hamilton_35,1.0,pre
1858,0,0.0,-0.0516841641267116,hamilton_35,1.0,pre
1864,0,0.0,0.4101133207716542,hamilton_35,1.0,pre
1865,0,0.0,0.3942256059046176,hamilton_35,1.0,pre
1867,0,0.0,0.3320849219237962,hamilton_35,1.0,pre
1868,0,0.0,0.07195025325512543,hamilton_35,1.0,pre
1869,0,0.0,0.35941540017671103,hamilton_35,1.0,pre
1871,0,0.0,0.3517507692917958,hamilton_35,1.0,pre
1872,0,0.0,0.3385207180197023,hamilton_35,1.0,pre
1874,0,0.0,0.10557677763989474,hamilton_35,1.0,pre
1879,0,0.0,0.17814094763988697,hamilton_35,1.0,pre
1881,0,0.0,0.3472513367532318,hamilton_35,1.0,pre
1883,0,0.0,0.16596499918241958,hamilton_35,1.0,pre
1888,0,0.0,0.05043396974382643,hamilton_35,1.0,pre
1893,0,0.0,0.4250829628250245,hamilton_35,1.0,pre
1896,0,0.0,-0.418696671357956,hamilton_35,1.0,pre
1897,0,0.0,0.3846388969330544,hamilton_35,1.0,pre
1900,0,0.0,-0.03323808753840357,hamilton_35,1.0,pre
1902,0,0.0,0.31322582146477473,hamilton_35,1.0,pre
1903,0,0.0,0.16969960212275373,hamilton_35,1.0,pre
1906,0,0.0,0.35970562504896963,hamilton_35,1.0,pre
1924,0,0.0,-0.004233990346909139,hamilton_36,1.0,pre
1930,0,0.0,0.006511087040840439,hamilton_36,1.0,pre
1934,0,0.0,0.02300626328511221,hamilton_36,1.0,pre
1942,0,0.0,-0.0035691506365255025,hamilton_36,1.0,pre
1945,0,0.0,0.0650496054545669,hamilton_36,1.0,pre
1968,0,0.0,0.007370244088429661,hamilton_32,1.0,pre
1969,0,0.0,-0.07427008596140085,hamilton_32,1.0,pre
1970,0,0.0,0.006815692115268991,hamilton_32,1.0,pre
1975,0,0.0,0.039022209479696306,hamilton_32,1.0,pre
1978,0,0.0,0.32329889108689625,hamilton_32,1.0,pre
1984,0,0.0,0.2943871945639996,hamilton_32,1.0,pre
1985,0,0.0,0.10339788989197522,hamilton_32,1.0,pre
1988,0,0.0,0.015037139297589533,hamilton_32,1.0,pre
1990,0,0.0,0.028216944551477344,hamilton_32,1.0,pre
1991,0,0.0,-0.022398220984352783,hamilton_32,1.0,pre
1992,0,0.0,0.34572618161444535,hamilton_32,1.0,pre
1993,0,0.0,0.010885059140673168,hamilton_32,1.0,pre
1998,0,0.0,-0.1021473226893098,hamilton_32,1.0,pre
1999,0,0.0,0.26747297382556495,hamilton_32,1.0,pre
2000,0,0.0,0.11673186693717331,hamilton_32,1.0,pre
1036,0,0.0,0.03937195989209131,hamilton_04,0.05,base_shock
1037,0,0.0,0.04405038088758495,hamilton_04,0.05,base_shock
1038,0,0.0,0.056371219787882586,hamilton_04,0.05,base_shock
1041,0,0.0,-0.013315104152387215,hamilton_04,0.05,base_shock
1047,0,0.0,0.04550463737071392,hamilton_04,0.05,base_shock
1049,0,0.0,0.04172271215568837,hamilton_04,0.05,base_shock
1052,0,0.0,0.08952372152967963,hamilton_09,0.05,base_shock
1055,0,0.0,0.032789935776019574,hamilton_09,0.05,base_shock
1057,0,0.0,0.14085101320947022,hamilton_09,0.05,base_shock
1058,0,0.0,0.021562139942135357,hamilton_09,0.05,base_shock
1059,0,0.0,0.014867983875590232,hamilton_09,0.05,base_shock
1061,0,0.0,0.17423905593504943,hamilton_09,0.05,base_shock
1062,0,0.0,0.1301374444722491,hamilton_09,0.05,base_shock
1068,0,0.0,0.06291155187402944,hamilton_09,0.05,base_shock
1613,0,0.0,-0.0021535589135780087,hamilton_31,0.05,base_shock
1614,0,0.0,0.0028502941764242695,hamilton_31,0.05,base_shock
1620,0,0.0,-0.00864089525721662,hamilton_31,0.05,base_shock
1622,0,0.0,0.0070245812548837185,hamilton_31,0.05,base_shock
1623,0,0.0,0.01426587621563647,hamilton_31,0.05,base_shock
1625,0,0.0,0.011419802656171343,hamilton_31,0.05,base_shock
1626,0,0.0,0.004702854438135133,hamilton_31,0.05,base_shock
1636,0,0.0,0.004846898376709674,hamilton_31,0.05,base_shock
1638,0,0.0,-0.018097804971331698,hamilton_31,0.05,base_shock
1640,0,0.0,0.004447758560597666,hamilton_31,0.05,base_shock
1641,0,0.0,0.002624774826166069,hamilton_31,0.05,base_shock
1644,0,0.0,-0.004251946584553764,hamilton_31,0.05,base_shock
1647,0,0.0,0.019652832147634865,hamilton_31,0.05,base_shock
1657,0,0.0,-0.003171685374185347,hamilton_31,0.05,base_shock
1658,0,0.0,-0.01189062671682728,hamilton_31,0.05,base_shock
1659,0,0.0,-0.008377825378810691,hamilton_31,0.05,base_shock
1661,0,0.0,0.012720465195990033,hamilton_31,0.05,base_shock
1663,0,0.0,-0.005102558956906723,hamilton_31,0.05,base_shock
1664,0,0.0,0.012702051078059893,hamilton_31,0.05,base_shock
1668,0,0.0,0.0037767680488304464,hamilton_31,0.05,base_shock
1670,0,0.0,0.0007440234761606764,hamilton_31,0.05,base_shock
1675,0,0.0,0.004435770851441992,hamilton_31,0.05,base_shock
1683,0,0.0,-0.003289368430653014,hamilton_31,0.05,base_shock
1687,0,0.0,-0.002764593663037936,hamilton_31,0.05,base_shock
1690,0,0.0,0.013714083573521493,hamilton_38,0.05,base_shock
1691,0,0.0,-0.003093074986786111,hamilton_38,0.05,base_shock
1695,0,0.0,-0.0075546364131459836,hamilton_38,0.05,base_shock
1706,0,0.0,0.04142486624041816,hamilton_38,0.05,base_shock
1726,0,0.0,0.00731882117775374,hamilton_38,0.05,base_shock
1727,0,0.0,0.04094772077495417,hamilton_38,0.05,base_shock
1732,0,0.0,-0.0035005853472076243,hamilton_38,0.05,base_shock
1733,0,0.0,0.013390548786628455,hamilton_38,0.05,base_shock
1735,0,0.0,-0.025832819331877706,hamilton_38,0.05,base_shock
1737,0,0.0,0.015002705965097894,hamilton_38,0.05,base_shock
1741,0,0.0,0.007976422208304633,hamilton_38,0.05,base_shock
1748,0,0.0,0.01953714451288417,hamilton_38,0.05,base_shock
1752,0,0.0,0.0185390393910763,hamilton_38,0.05,base_shock
1754,0,0.0,0.02468275736942758,hamilton_38,0.05,base_shock
1769,0,0.0,0.013877641125790582,hamilton_37,0.05,base_shock
1810,0,0.0,0.0013974523503440862,hamilton_37,0.05,base_shock
1811,0,0.0,0.0015764574499173532,hamilton_37,0.05,base_shock
1813,0,0.0,0.015235348973832564,hamilton_37,0.05,base_shock
1814,0,0.0,-0.0018390045928079989,hamilton_37,0.05,base_shock
1815,0,0.0,0.012897626473339885,hamilton_37,0.05,base_shock
1817,0,0.0,0.015000685643289475,hamilton_37,0.05,base_shock
1818,0,0.0,-0.011061314351707544,hamilton_37,0.05,base_shock
1821,0,0.0,-0.004107233885642493,hamilton_37,0.05,base_shock
1822,0,0.0,0.001620538022729925,hamilton_37,0.05,base_shock
1826,0,0.0,0.023746510227477664,hamilton_37,0.05,base_shock
1829,0,0.0,0.021881406199435745,hamilton_37,0.05,base_shock
1832,0,0.0,0.023120796747260846,hamilton_37,0.05,base_shock
1833,0,0.0,0.02006711483845051,hamilton_37,0.05,base_shock
1835,0,0.0,0.028632848173476916,hamilton_37,0.05,base_shock
1836,0,0.0,0.028328237205357334,hamilton_37,0.05,base_shock
1841,0,0.0,0.005822646885459953,hamilton_35,0.05,base_shock
1843,0,0.0,0.005899566072014058,hamilton_35,0.05,base_shock
1846,0,0.0,0.020064268875041827,hamilton_35,0.05,base_shock
1848,0,0.0,0.028466554806662242,hamilton_35,0.05,base_shock
1857,0,0.0,0.015771497244522748,hamilton_35,0.05,base_shock
1858,0,0.0,0.01964818883063473,hamilton_35,0.05,base_shock
1860,0,0.0,0.02769306795640646,hamilton_35,0.05,base_shock
1864,0,0.0,0.11038059273731608,hamilton_35,0.05,base_shock
1865,0,0.0,0.017063153805355415,hamilton_35,0.05,base_shock
1867,0,0.0,0.0591886102906798,hamilton_35,0.05,base_shock
1868,0,0.0,0.06001424684947162,hamilton_35,0.05,base_shock
1869,0,0.0,0.022889564077490956,hamilton_35,0.05,base_shock
1878,0,0.0,0.012293521817978091,hamilton_35,0.05,base_shock
1881,0,0.0,0.023958924377588602,hamilton_35,0.05,base_shock
1885,0,0.0,0.0242349677511017,hamilton_35,0.05,base_shock
1888,0,0.0,0.04481603102512302,hamilton_35,0.05,base_shock
1889,0,0.0,0.12288706128078816,hamilton_35,0.05,base_shock
1894,0,0.0,0.08598869468592918,hamilton_35,0.05,base_shock
1895,0,0.0,0.04855784257243041,hamilton_35,0.05,base_shock
1902,0,0.0,-0.017634480299179092,hamilton_35,0.05,base_shock
1904,0,0.0,0.011178296161863964,hamilton_35,0.05,base_shock
1908,0,0.0,0.07570850464709533,hamilton_35,0.05,base_shock
1909,0,0.0,0.03907543670237395,hamilton_35,0.05,base_shock
1910,0,0.0,0.019707235257241582,hamilton_35,0.05,base_shock
1911,0,0.0,0.023867058083126842,hamilton_36,0.05,base_shock
1921,0,0.0,0.017945024883358588,hamilton_36,0.05,base_shock
1924,0,0.0,-0.003618188752765892,hamilton_36,0.05,base_shock
1930,0,0.0,0.005396419270398541,hamilton_36,0.05,base_shock
1934,0,0.0,0.017305069394365855,hamilton_36,0.05,base_shock
1940,0,0.0,-0.0028279027737394585,hamilton_36,0.05,base_shock
1942,0,0.0,0.007359693180449023,hamilton_36,0.05,base_shock
1956,0,0.0,0.02322599292968703,hamilton_36,0.05,base_shock
1960,0,0.0,0.0014268646415979448,hamilton_36,0.05,base_shock
1962,0,0.0,0.009175664274591787,hamilton_32,0.05,base_shock
1963,0,0.0,0.030705854170230758,hamilton_32,0.05,base_shock
1968,0,0.0,0.014177727634619967,hamilton_32,0.05,base_shock
1973,0,0.0,0.017127425071956914,hamilton_32,0.05,base_shock
1974,0,0.0,0.025357736906369367,hamilton_32,0.05,base_shock
1980,0,0.0,0.033430354782927926,hamilton_32,0.05,base_shock
1982,0,0.0,0.028532100409843643,hamilton_32,0.05,base_shock
1985,0,0.0,0.007073201596006222,hamilton_32,0.05,base_shock
1988,0,0.0,0.016979599848787136,hamilton_32,0.05,base_shock
1992,0,0.0,0.02950784705922757,hamilton_32,0.05,base_shock
1999,0,0.0,0.023328613460560147,hamilton_32,0.05,base_shock
2003,0,0.0,-0.0006496341009047137,hamilton_32,0.05,base_shock
1032,0,0.0,-0.11877676272330327,hamilton_04,0.1,base_shock
1034,0,0.0,0.11630175051570259,hamilton_04,0.1,base_shock
1036,0,0.0,0.033460671408033625,hamilton_04,0.1,base_shock
1037,0,0.0,0.06623664988677987,hamilton_04,0.1,base_shock
1044,0,0.0,0.05284988753179011,hamilton_04,0.1,base_shock
1047,0,0.0,0.036775723586693385,hamilton_04,0.1,base_shock
1048,0,0.0,0.03374236254128603,hamilton_04,0.1,base_shock
1049,0,0.0,0.1370144034429702,hamilton_04,0.1,base_shock
1054,0,0.0,0.036602232809765205,hamilton_09,0.1,base_shock
1062,0,0.0,0.05245833734434383,hamilton_09,0.1,base_shock
1614,0,0.0,-0.00323634719599559,hamilton_31,0.1,base_shock
1615,0,0.0,-0.013752634720967138,hamilton_31,0.1,base_shock
1616,0,0.0,0.009895715949010175,hamilton_31,0.1,base_shock
1619,0,0.0,0.014059548911832273,hamilton_31,0.1,base_shock
1620,0,0.0,0.011105275947221417,hamilton_31,0.1,base_shock
1621,0,0.0,0.025720714393252422,hamilton_31,0.1,base_shock
1636,0,0.0,0.017879583129275345,hamilton_31,0.1,base_shock
1639,0,0.0,0.016625371003639783,hamilton_31,0.1,base_shock
1640,0,0.0,0.05339527608061582,hamilton_31,0.1,base_shock
1641,0,0.0,0.027067681413550423,hamilton_31,0.1,base_shock
1644,0,0.0,0.006468602537159968,hamilton_31,0.1,base_shock
1647,0,0.0,0.05401904457523139,hamilton_31,0.1,base_shock
1648,0,0.0,0.044438308100553756,hamilton_31,0.1,base_shock
1649,0,0.0,0.018048522152142484,hamilton_31,0.1,base_shock
1659,0,0.0,-0.0013982184169122284,hamilton_31,0.1,base_shock
1661,0,0.0,0.04415393412987392,hamilton_31,0.1,base_shock
1663,0,0.0,-0.0043017493660890875,hamilton_31,0.1,base_shock
1667,0,0.0,0.025314604571102937,hamilton_31,0.1,base_shock
1668,0,0.0,0.015235110955423665,hamilton_31,0.1,base_shock
1670,0,0.0,0.008169846793886623,hamilton_31,0.1,base_shock
1681,0,0.0,-0.00012235216463496308,hamilton_31,0.1,base_shock
1687,0,0.0,0.011703403574259193,hamilton_31,0.1,base_shock
1690,0,0.0,0.04143235455058498,hamilton_38,0.1,base_shock
1691,0,0.0,-0.0023182382404513787,hamilton_38,0.1,base_shock
1695,0,0.0,-0.0016495695609247626,hamilton_38,0.1,base_shock
1697,0,0.0,0.0699115882927285,hamilton_38,0.1,base_shock
1709,0,0.0,0.0647554774225153,hamilton_38,0.1,base_shock
1713,0,0.0,0.07459165033705398,hamilton_38,0.1,base_shock
1715,0,0.0,0.03642214943708555,hamilton_38,0.1,base_shock
1726,0,0.0,0.04153482894296253,hamilton_38,0.1,base_shock
1733,0,0.0,0.022678032681089467,hamilton_38,0.1,base_shock
1735,0,0.0,-0.03560492159469302,hamilton_38,0.1,base_shock
1739,0,0.0,0.06978154877860201,hamilton_38,0.1,base_shock
1741,0,0.0,0.02260840660716809,hamilton_38,0.1,base_shock
1748,0,0.0,0.08436492709095783,hamilton_38,0.1,base_shock
1749,0,0.0,0.06491863853593367,hamilton_38,0.1,base_shock
1754,0,0.0,0.05063085039563785,hamilton_38,0.1,base_shock
1760,0,0.0,0.037315743070440215,hamilton_37,0.1,base_shock
1769,0,0.0,0.03950034821009817,hamilton_37,0.1,base_shock
1772,0,0.0,-0.011286367391041635,hamilton_37,0.1,base_shock
1775,0,0.0,-0.011222258014618297,hamilton_37,0.1,base_shock
1795,0,0.0,0.004103961322571562,hamilton_37,0.1,base_shock
1811,0,0.0,-0.014362661838602103,hamilton_37,0.1,base_shock
1818,0,0.0,-0.00017400654685743866,hamilton_37,0.1,base_shock
1821,0,0.0,0.0034506391042570988,hamilton_37,0.1,base_shock
1824,0,0.0,0.018258374740025625,hamilton_37,0.1,base_shock
1827,0,0.0,0.01504995353798607,hamilton_37,0.1,base_shock
1831,0,0.0,0.011439579387094985,hamilton_37,0.1,base_shock
1836,0,0.0,0.036563816541731284,hamilton_37,0.1,base_shock
1839,0,0.0,0.01251694608648136,hamilton_35,0.1,base_shock
1848,0,0.0,0.022649684262900666,hamilton_35,0.1,base_shock
1850,0,0.0,0.022810337097793357,hamilton_35,0.1,base_shock
1856,0,0.0,0.03334346517435204,hamilton_35,0.1,base_shock
1867,0,0.0,0.06768105162154466,hamilton_35,0.1,base_shock
1868,0,0.0,0.05425434498974523,hamilton_35,0.1,base_shock
1869,0,0.0,0.046928601805759675,hamilton_35,0.1,base_shock
1871,0,0.0,0.015531949085925957,hamilton_35,0.1,base_shock
1875,0,0.0,-0.06006021333024063,hamilton_35,0.1,base_shock
1881,0,0.0,0.015664531143028255,hamilton_35,0.1,base_shock
1884,0,0.0,0.016191777516941234,hamilton_35,0.1,base_shock
1888,0,0.0,0.025757638764233582,hamilton_35,0.1,base_shock
1890,0,0.0,-0.018543508034917118,hamilton_35,0.1,base_shock
1894,0,0.0,0.05363246323479357,hamilton_35,0.1,base_shock
1895,0,0.0,0.04885926306841296,hamilton_35,0.1,base_shock
1902,0,0.0,-0.04071336185607115,hamilton_35,0.1,base_shock
1904,0,0.0,0.04441099309554266,hamilton_35,0.1,base_shock
1906,0,0.0,-0.03028743787686949,hamilton_35,0.1,base_shock
1910,0,0.0,0.05193321654856764,hamilton_35,0.1,base_shock
1911,0,0.0,0.040588332936295816,hamilton_36,0.1,base_shock
1914,0,0.0,0.028088427178233424,hamilton_36,0.1,base_shock
1919,0,0.0,0.04724119828243172,hamilton_36,0.1,base_shock
1921,0,0.0,0.03179559364766598,hamilton_36,0.1,base_shock
1929,0,0.0,-0.0005904403688494245,hamilton_36,0.1,base_shock
1940,0,0.0,0.003851490067595685,hamilton_36,0.1,base_shock
1947,0,0.0,0.007286172829107219,hamilton_36,0.1,base_shock
1951,0,0.0,0.06394000365804701,hamilton_36,0.1,base_shock
1952,0,0.0,0.0962721410274267,hamilton_36,0.1,base_shock
1956,0,0.0,0.08270653705331793,hamilton_36,0.1,base_shock
1960,0,0.0,0.0017333400843391313,hamilton_36,0.1,base_shock
1961,0,0.0,0.1253466781741606,hamilton_32,0.1,base_shock
1969,0,0.0,0.04009028766673628,hamilton_32,0.1,base_shock
1980,0,0.0,0.02672522220609313,hamilton_32,0.1,base_shock
1987,0,0.0,0.004172439652978244,hamilton_32,0.1,base_shock
1988,0,0.0,0.04202958816590438,hamilton_32,0.1,base_shock
1990,0,0.0,0.1496455235923298,hamilton_32,0.1,base_shock
1991,0,0.0,0.061210424582433406,hamilton_32,0.1,base_shock
1992,0,0.0,0.012889600862325353,hamilton_32,0.1,base_shock
1993,0,0.0,0.07686889881555549,hamilton_32,0.1,base_shock
1998,0,0.0,0.0433650824833632,hamilton_32,0.1,base_shock
2000,0,0.0,0.12013944321639929,hamilton_32,0.1,base_shock
2001,0,0.0,0.056303593167272285,hamilton_32,0.1,base_shock
2002,0,0.0,0.0022195161195491353,hamilton_32,0.1,base_shock
1040,0,0.0,-0.018815689245792435,hamilton_04,0.5,base_shock
1048,0,0.0,0.04362230018617994,hamilton_04,0.5,base_shock
1049,0,0.0,0.1642172841579284,hamilton_04,0.5,base_shock
1050,0,0.0,0.1252405445430333,hamilton_04,0.5,base_shock
1061,0,0.0,0.09004064531399568,hamilton_09,0.5,base_shock
1062,0,0.0,0.11462513689890329,hamilton_09,0.5,base_shock
1064,0,0.0,0.05618976530584551,hamilton_09,0.5,base_shock
1065,0,0.0,0.0202354913728938,hamilton_09,0.5,base_shock
1615,0,0.0,0.022254129818687286,hamilton_31,0.5,base_shock
1619,0,0.0,0.028308423656060372,hamilton_31,0.5,base_shock
1620,0,0.0,0.08463716487863955,hamilton_31,0.5,base_shock
1621,0,0.0,0.043418915907737006,hamilton_31,0.5,base_shock
1623,0,0.0,0.07277820216084499,hamilton_31,0.5,base_shock
1632,0,0.0,-0.020537173770296582,hamilton_31,0.5,base_shock
1639,0,0.0,0.030405064323635413,hamilton_31,0.5,base_shock
1640,0,0.0,0.11382637135498085,hamilton_31,0.5,base_shock
1645,0,0.0,0.08403554316487813,hamilton_31,0.5,base_shock
1647,0,0.0,0.11428948253655763,hamilton_31,0.5,base_shock
1648,0,0.0,0.10130992400158563,hamilton_31,0.5,base_shock
1649,0,0.0,0.0482263634779496,hamilton_31,0.5,base_shock
1650,0,0.0,0.020389421601850737,hamilton_31,0.5,base_shock
1657,0,0.0,-0.004888219244096924,hamilton_31,0.5,base_shock
1658,0,0.0,-0.03364986431929311,hamilton_31,0.5,base_shock
1659,0,0.0,0.0018863301759327756,hamilton_31,0.5,base_shock
1660,0,0.0,0.05821428934554877,hamilton_31,0.5,base_shock
1661,0,0.0,0.11114557329000153,hamilton_31,0.5,base_shock
1664,0,0.0,0.07090325573580773,hamilton_31,0.5,base_shock
1669,0,0.0,0.07809552948934968,hamilton_31,0.5,base_shock
1670,0,0.0,0.032850689469956965,hamilton_31,0.5,base_shock
1671,0,0.0,-0.010517781236109197,hamilton_31,0.5,base_shock
1676,0,0.0,0.018144843746687407,hamilton_31,0.5,base_shock
1684,0,0.0,0.12393647320262749,hamilton_31,0.5,base_shock
1685,0,0.0,0.08581463108093543,hamilton_31,0.5,base_shock
1691,0,0.0,-0.018687584863190925,hamilton_38,0.5,base_shock
1700,0,0.0,0.0326806088892935,hamilton_38,0.5,base_shock
1709,0,0.0,-0.08458269704462801,hamilton_38,0.5,base_shock
1715,0,0.0,0.22118265482696384,hamilton_38,0.5,base_shock
1720,0,0.0,0.19935093963085793,hamilton_38,0.5,base_shock
1721,0,0.0,0.2820776983567908,hamilton_38,0.5,base_shock
1726,0,0.0,-0.03682007692386076,hamilton_38,0.5,base_shock
1728,0,0.0,0.30459050823655176,hamilton_38,0.5,base_shock
1733,0,0.0,0.01487996635391789,hamilton_38,0.5,base_shock
1736,0,0.0,0.04162193046052058,hamilton_38,0.5,base_shock
1737,0,0.0,0.0844594333878813,hamilton_38,0.5,base_shock
1743,0,0.0,0.0554976910955213,hamilton_38,0.5,base_shock
1751,0,0.0,0.22523372456471022,hamilton_38,0.5,base_shock
1792,0,0.0,-0.20914299399500802,hamilton_37,0.5,base_shock
1800,0,0.0,0.11632492233486035,hamilton_37,0.5,base_shock
1810,0,0.0,0.05279231428235489,hamilton_37,0.5,base_shock
1811,0,0.0,0.06584785437594444,hamilton_37,0.5,base_shock
1812,0,0.0,0.1362621879278469,hamilton_37,0.5,base_shock
1818,0,0.0,-0.03836867492458928,hamilton_37,0.5,base_shock
1822,0,0.0,0.004167644703575236,hamilton_37,0.5,base_shock
1825,0,0.0,0.07102237546191101,hamilton_37,0.5,base_shock
1827,0,0.0,0.09945038375370621,hamilton_37,0.5,base_shock
1831,0,0.0,0.034205264361584796,hamilton_37,0.5,base_shock
1832,0,0.0,0.05916181143631806,hamilton_37,0.5,base_shock
1839,0,0.0,0.07055955831312703,hamilton_35,0.5,base_shock
1842,0,0.0,0.23245500813193065,hamilton_35,0.5,base_shock
1843,0,0.0,0.0012239400626957943,hamilton_35,0.5,base_shock
1857,0,0.0,0.02981175609808953,hamilton_35,0.5,base_shock
1858,0,0.0,0.04255342280644203,hamilton_35,0.5,base_shock
1861,0,0.0,0.012250618534068532,hamilton_35,0.5,base_shock
1864,0,0.0,0.1881262598719501,hamilton_35,0.5,base_shock
1866,0,0.0,0.12586324096494106,hamilton_35,0.5,base_shock
1867,0,0.0,0.013088904236495837,hamilton_35,0.5,base_shock
1868,0,0.0,-0.016190166730151778,hamilton_35,0.5,base_shock
1872,0,0.0,-0.016780472552005286,hamilton_35,0.5,base_shock
1873,0,0.0,0.0083538672350429,hamilton_35,0.5,base_shock
1875,0,0.0,-0.05693848751763182,hamilton_35,0.5,base_shock
1878,0,0.0,-0.011772690063597152,hamilton_35,0.5,base_shock
1879,0,0.0,0.1879357244198049,hamilton_35,0.5,base_shock
1882,0,0.0,0.03696729258347885,hamilton_35,0.5,base_shock
1883,0,0.0,0.05556858372998498,hamilton_35,0.5,base_shock
1884,0,0.0,0.000988701522353423,hamilton_35,0.5,base_shock
1890,0,0.0,-0.1285246900973354,hamilton_35,0.5,base_shock
1893,0,0.0,0.0781838468350404,hamilton_35,0.5,base_shock
1894,0,0.0,0.23331962004265266,hamilton_35,0.5,base_shock
1897,0,0.0,0.052756162703340166,hamilton_35,0.5,base_shock
1900,0,0.0,0.17144047077446847,hamilton_35,0.5,base_shock
1902,0,0.0,-0.19219186404338484,hamilton_35,0.5,base_shock
1906,0,0.0,-0.0902355096892987,hamilton_35,0.5,base_shock
1909,0,0.0,0.14294414704516287,hamilton_35,0.5,base_shock
1910,0,0.0,-0.04368787247378924,hamilton_35,0.5,base_shock
1911,0,0.0,0.07197571291334305,hamilton_36,0.5,base_shock
1914,0,0.0,0.11806327682501186,hamilton_36,0.5,base_shock
1921,0,0.0,0.08466259763812246,hamilton_36,0.5,base_shock
1924,0,0.0,-0.009532349787125204,hamilton_36,0.5,base_shock
1928,0,0.0,0.022398831963543992,hamilton_36,0.5,base_shock
1930,0,0.0,0.007999573322002922,hamilton_36,0.5,base_shock
1938,0,0.0,0.08738315223302148,hamilton_36,0.5,base_shock
1940,0,0.0,0.08786310226848905,hamilton_36,0.5,base_shock
1942,0,0.0,0.05490924592643296,hamilton_36,0.5,base_shock
1949,0,0.0,0.1430027439617389,hamilton_36,0.5,base_shock
1951,0,0.0,0.14614309960929725,hamilton_36,0.5,base_shock
1952,0,0.0,0.18055044509345644,hamilton_36,0.5,base_shock
1960,0,0.0,-0.0596253706114407,hamilton_36,0.5,base_shock
1961,0,0.0,0.13937439702937673,hamilton_32,0.5,base_shock
1963,0,0.0,0.0488874209793868,hamilton_32,0.5,base_shock
1966,0,0.0,0.02440420391565721,hamilton_32,0.5,base_shock
1969,0,0.0,0.04616041009760464,hamilton_32,0.5,base_shock
1973,0,0.0,0.012373575563470856,hamilton_32,0.5,base_shock
1974,0,0.0,0.10531978473776439,hamilton_32,0.5,base_shock
1975,0,0.0,0.032474879751321774,hamilton_32,0.5,base_shock
1978,0,0.0,0.216825767610769,hamilton_32,0.5,base_shock
1980,0,0.0,0.04534547982754478,hamilton_32,0.5,base_shock
1982,0,0.0,0.14789902985836756,hamilton_32,0.5,base_shock
1983,0,0.0,-0.014871123683600683,hamilton_32,0.5,base_shock
1984,0,0.0,0.06303778216322026,hamilton_32,0.5,base_shock
1987,0,0.0,0.050192247075060904,hamilton_32,0.5,base_shock
1989,0,0.0,0.13239675370187445,hamilton_32,0.5,base_shock
1990,0,0.0,0.21052520974596575,hamilton_32,0.5,base_shock
1991,0,0.0,0.07969315919905945,hamilton_32,0.5,base_shock
1993,0,0.0,0.09616971970921138,hamilton_32,0.5,base_shock
1997,0,0.0,-0.010864136463535946,hamilton_32,0.5,base_shock
1998,0,0.0,0.04343720283813101,hamilton_32,0.5,base_shock
2000,0,0.0,0.1441817175584144,hamilton_32,0.5,base_shock
2001,0,0.0,0.053117004657748206,hamilton_32,0.5,base_shock
2002,0,0.0,-0.04586798012341572,hamilton_32,0.5,base_shock
1034,0,0.0,0.08384463102123353,hamilton_04,1.0,base_shock
1035,0,0.0,0.13206797076878837,hamilton_04,1.0,base_shock
1041,0,0.0,-0.023220622076165997,hamilton_04,1.0,base_shock
1044,0,0.0,0.11046584826955641,hamilton_04,1.0,base_shock
1051,0,0.0,0.08791479918332974,hamilton_09,1.0,base_shock
1055,0,0.0,0.08790963866221965,hamilton_09,1.0,base_shock
1058,0,0.0,-0.1260407511428009,hamilton_09,1.0,base_shock
1059,0,0.0,0.11820186567795322,hamilton_09,1.0,base_shock
1060,0,0.0,0.11250165351710045,hamilton_09,1.0,base_shock
1061,0,0.0,0.029494667632232623,hamilton_09,1.0,base_shock
1064,0,0.0,0.0857495899868005,hamilton_09,1.0,base_shock
1065,0,0.0,0.09796481591158131,hamilton_09,1.0,base_shock
1068,0,0.0,0.1020797508843824,hamilton_09,1.0,base_shock
1613,0,0.0,0.0598333908061487,hamilton_31,1.0,base_shock
1614,0,0.0,-0.041610432253464384,hamilton_31,1.0,base_shock
1619,0,0.0,-0.03757869428931141,hamilton_31,1.0,base_shock
1621,0,0.0,-0.027287899717937984,hamilton_31,1.0,base_shock
1622,0,0.0,-0.0028441237570779273,hamilton_31,1.0,base_shock
1623,0,0.0,-0.007433472762955134,hamilton_31,1.0,base_shock
1625,0,0.0,0.052249949437185174,hamilton_31,1.0,base_shock
1626,0,0.0,0.05209958564583613,hamilton_31,1.0,base_shock
1640,0,0.0,-0.05022631673941388,hamilton_31,1.0,base_shock
1641,0,0.0,0.034705339446042316,hamilton_31,1.0,base_shock
1645,0,0.0,0.05610701437888027,hamilton_31,1.0,base_shock
1649,0,0.0,0.04083191234784097,hamilton_31,1.0,base_shock
1650,0,0.0,0.05914340788739603,hamilton_31,1.0,base_shock
1655,0,0.0,0.03439650262844633,hamilton_31,1.0,base_shock
1657,0,0.0,0.04479620916647387,hamilton_31,1.0,base_shock
1668,0,0.0,0.0028137559946449916,hamilton_31,1.0,base_shock
1670,0,0.0,-0.00821951251634865,hamilton_31,1.0,base_shock
1675,0,0.0,0.03175687586564633,hamilton_31,1.0,base_shock
1676,0,0.0,-0.006182771181694799,hamilton_31,1.0,base_shock
1679,0,0.0,-0.01130625056857407,hamilton_31,1.0,base_shock
1682,0,0.0,0.06335857102721947,hamilton_31,1.0,base_shock
1683,0,0.0,0.0004458112435452155,hamilton_31,1.0,base_shock
1685,0,0.0,-0.004331579074616424,hamilton_31,1.0,base_shock
1686,0,0.0,-0.004302651632632251,hamilton_31,1.0,base_shock
1687,0,0.0,-0.02355195700048011,hamilton_31,1.0,base_shock
1691,0,0.0,0.0031800874070514345,hamilton_38,1.0,base_shock
1693,0,0.0,0.21009322584533208,hamilton_38,1.0,base_shock
1697,0,0.0,0.08258416868437944,hamilton_38,1.0,base_shock
1698,0,0.0,0.1156848591895226,hamilton_38,1.0,base_shock
1700,0,0.0,-0.0183835176169419,hamilton_38,1.0,base_shock
1713,0,0.0,0.12891624955224393,hamilton_38,1.0,base_shock
1715,0,0.0,0.2275647688710168,hamilton_38,1.0,base_shock
1720,0,0.0,0.22023333904090078,hamilton_38,1.0,base_shock
1728,0,0.0,0.3139575231399051,hamilton_38,1.0,base_shock
1733,0,0.0,0.0877265178670779,hamilton_38,1.0,base_shock
1739,0,0.0,0.11696051787365444,hamilton_38,1.0,base_shock
1741,0,0.0,0.038567896492253395,hamilton_38,1.0,base_shock
1749,0,0.0,0.1967171194073742,hamilton_38,1.0,base_shock
1752,0,0.0,0.02368552410077418,hamilton_38,1.0,base_shock
1769,0,0.0,0.09434487187260292,hamilton_37,1.0,base_shock
1775,0,0.0,-0.16525621428538104,hamilton_37,1.0,base_shock
1792,0,0.0,-0.24560043896912104,hamilton_37,1.0,base_shock
1811,0,0.0,0.12760366776600263,hamilton_37,1.0,base_shock
1813,0,0.0,-0.00012413469155940873,hamilton_37,1.0,base_shock
1814,0,0.0,0.05287246031033355,hamilton_37,1.0,base_shock
1817,0,0.0,-0.04842596653887206,hamilton_37,1.0,base_shock
1819,0,0.0,0.08940061507935544,hamilton_37,1.0,base_shock
1822,0,0.0,0.06090748077214778,hamilton_37,1.0,base_shock
1824,0,0.0,0.16272773619355926,hamilton_37,1.0,base_shock
1825,0,0.0,0.09797660069634828,hamilton_37,1.0,base_shock
1826,0,0.0,0.041510304971406176,hamilton_37,1.0,base_shock
1827,0,0.0,0.15184825053375983,hamilton_37,1.0,base_shock
1828,0,0.0,0.1204528030734332,hamilton_37,1.0,base_shock
1831,0,0.0,0.0561366905662793,hamilton_37,1.0,base_shock
1834,0,0.0,0.08136313247471336,hamilton_37,1.0,base_shock
1835,0,0.0,0.15049261607705908,hamilton_37,1.0,base_shock
1836,0,0.0,-2.2211006012827292e-05,hamilton_37,1.0,base_shock
1844,0,0.0,0.0478232764746692,hamilton_35,1.0,base_shock
1847,0,0.0,0.11730430822062604,hamilton_35,1.0,base_shock
1848,0,0.0,0.13712677754953911,hamilton_35,1.0,base_shock
1850,0,0.0,-0.004856577933056378,hamilton_35,1.0,base_shock
1858,0,0.0,0.0855986972465234,hamilton_35,1.0,base_shock
1860,0,0.0,0.11635228653797716,hamilton_35,1.0,base_shock
1861,0,0.0,0.10145191536409874,hamilton_35,1.0,base_shock
1866,0,0.0,0.1390906428836362,hamilton_35,1.0,base_shock
1867,0,0.0,-0.03459991413763979,hamilton_35,1.0,base_shock
1875,0,0.0,-0.03994211112063962,hamilton_35,1.0,base_shock
1882,0,0.0,0.07553393056745102,hamilton_35,1.0,base_shock
1884,0,0.0,0.04602857025750472,hamilton_35,1.0,base_shock
1887,0,0.0,0.06966294910514106,hamilton_35,1.0,base_shock
1894,0,0.0,0.15525873720746022,hamilton_35,1.0,base_shock
1899,0,0.0,-0.012304343050407965,hamilton_35,1.0,base_shock
1902,0,0.0,-0.10169433590686218,hamilton_35,1.0,base_shock
1908,0,0.0,0.13707848228784064,hamilton_35,1.0,base_shock
1910,0,0.0,0.003991640524586398,hamilton_35,1.0,base_shock
1917,0,0.0,0.030893400956140602,hamilton_36,1.0,base_shock
1921,0,0.0,0.047443677398815734,hamilton_36,1.0,base_shock
1924,0,0.0,0.01372719438268009,hamilton_36,1.0,base_shock
1928,0,0.0,-0.01041748136766072,hamilton_36,1.0,base_shock
1934,0,0.0,-0.014636589476107499,hamilton_36,1.0,base_shock
1938,0,0.0,0.13556405343560243,hamilton_36,1.0,base_shock
1951,0,0.0,0.11628649030779117,hamilton_36,1.0,base_shock
1952,0,0.0,0.1473632299450857,hamilton_36,1.0,base_shock
1956,0,0.0,0.04022790467609305,hamilton_36,1.0,base_shock
1959,0,0.0,0.16227372412809601,hamilton_36,1.0,base_shock
1961,0,0.0,0.0227304710339572,hamilton_32,1.0,base_shock
1966,0,0.0,-0.0011892254743569996,hamilton_32,1.0,base_shock
1969,0,0.0,-0.008146581395320589,hamilton_32,1.0,base_shock
1970,0,0.0,-0.03870022434109107,hamilton_32,1.0,base_shock
1973,0,0.0,-0.03837782602921385,hamilton_32,1.0,base_shock
1980,0,0.0,0.025069541016630822,hamilton_32,1.0,base_shock
1984,0,0.0,0.007424502005470855,hamilton_32,1.0,base_shock
1988,0,0.0,-0.019544056513569344,hamilton_32,1.0,base_shock
1990,0,0.0,0.04320153308188057,hamilton_32,1.0,base_shock
1992,0,0.0,0.010548724630910375,hamilton_32,1.0,base_shock
1993,0,0.0,0.029582914104025134,hamilton_32,1.0,base_shock
1997,0,0.0,0.05467482594429458,hamilton_32,1.0,base_shock
2001,0,0.0,0.019359437145348397,hamilton_32,1.0,base_shock
2002,0,0.0,-0.03412750482362205,hamilton_32,1.0,base_shock
2003,0,0.0,-0.042298684185680904,hamilton_32,1.0,base_shock
