neuron_id,waveform_width,peak_asymmetry,mean_firing_rate,cv2_isi,recording_session_id,cluster_id,channel,is_single_unit,session_name,group_name,experiment_name,cv2_burst,is_burster,median_burst
1,16.0,0.06557377049180328,0.6016925807097797,0.4673154981839161,3,0,6,1,ESHOCK_03_LOC1,shock,ESHOCK,0.4497657131315254,True,0.041733333333354494
4,9.0,0.03734439834024896,2.105512478051459,0.8247966666811437,3,3,17,1,ESHOCK_03_LOC1,shock,ESHOCK,0.6381979471139893,True,0.022283333333319888
5,17.0,0.07053941908713693,1.778189519188364,0.3945747234093241,3,4,20,1,ESHOCK_03_LOC1,shock,ESHOCK,0.3232153349703746,True,0.03843333333333021
6,21.0,0.08713692946058091,0.832163063060995,0.42882137108451107,3,5,26,1,ESHOCK_03_LOC1,shock,ESHOCK,0.4112936210025163,False,0.03705000000002201
8,70.0,0.3431372549019608,1.6903912401974248,0.3052024119288294,3,7,28,1,ESHOCK_03_LOC1,shock,ESHOCK,0.2642855714124026,False,0.026466666666664196
9,36.0,0.14173228346456693,2.628735346913087,0.6086774865627393,4,3,5,1,ESHOCK_04_LOC1,shock,ESHOCK,0.5225130529027874,False,0.026433333333443443
12,35.0,0.13618677042801555,2.0424074650267214,0.8554942512264332,4,8,3,1,ESHOCK_04_LOC1,shock,ESHOCK,0.7542176140967899,False,0.026499999999941792
17,75.0,0.3112033195020747,3.1991497907323443,0.45915575652836266,4,28,8,1,ESHOCK_04_LOC1,shock,ESHOCK,0.36203502389694703,False,0.025033333333340124
18,40.0,0.15503875968992248,2.9083179915748585,0.8078774906503305,4,31,1,1,ESHOCK_04_LOC1,shock,ESHOCK,0.6446378306399004,False,0.02411666666671408
22,41.0,0.1607843137254902,4.177551862237622,0.9567270939328101,4,55,10,1,ESHOCK_04_LOC1,shock,ESHOCK,0.7100136468343011,True,0.025300000000243017
27,106.0,0.4690265486725664,2.1790435367063705,0.8919316703970797,4,83,4,1,ESHOCK_04_LOC1,shock,ESHOCK,0.7658117202503871,False,0.025133333333315022
31,26.0,0.10655737704918032,4.823143582442872,0.5280093746544742,4,176,22,1,ESHOCK_04_LOC1,shock,ESHOCK,0.4574990636427212,False,0.0351666666665551
32,26.0,0.10483870967741936,3.539916861065927,0.4271976080387832,4,193,22,1,ESHOCK_04_LOC1,shock,ESHOCK,0.3835559465788533,False,0.026433333333443443
33,38.0,0.14960629921259844,2.4586261813681425,0.4809707641999229,4,201,14,1,ESHOCK_04_LOC1,shock,ESHOCK,0.42372583203438563,False,0.02593333333334158
34,81.0,0.41968911917098445,2.4866118827965042,0.6649292952293343,4,203,5,1,ESHOCK_04_LOC1,shock,ESHOCK,0.6394982501145122,False,0.04205000000013115
35,59.0,0.2388663967611336,1.5839358269209112,0.6570143768232904,4,205,3,1,ESHOCK_04_LOC1,shock,ESHOCK,0.5824142694549328,False,0.022383333333323208
36,52.0,0.19402985074626866,2.6040420809468854,0.8446828795859952,4,209,11,1,ESHOCK_04_LOC1,shock,ESHOCK,0.5619733493711517,True,0.025199999999983902
37,46.0,0.17164179104477612,1.8720239298599302,0.5224716373057956,4,213,17,1,ESHOCK_04_LOC1,shock,ESHOCK,0.5053892707192351,False,0.04063333333340324
38,58.0,0.2230769230769231,2.0736856019172434,0.4446802925463736,4,217,2,1,ESHOCK_04_LOC1,shock,ESHOCK,0.4336465608422057,False,0.010600000000067666
39,47.0,0.17343173431734318,2.67976809657657,0.27083956313666746,4,218,8,1,ESHOCK_04_LOC1,shock,ESHOCK,0.2704258850485902,False,0.02936666666664678
40,32.0,0.128,2.8520722190962884,0.5478989410437435,4,219,20,1,ESHOCK_04_LOC1,shock,ESHOCK,0.46516021557831166,False,0.025016666666715537
41,49.0,0.18631178707224336,8.775712354766213,0.9766437361583913,4,224,12,1,ESHOCK_04_LOC1,shock,ESHOCK,0.5862256468675199,True,0.022699999999986176
42,35.0,0.1394422310756972,9.764266102279818,0.9760168090332135,4,226,25,1,ESHOCK_04_LOC1,shock,ESHOCK,0.5588983607222143,True,0.02206666666666024
43,48.0,0.1875,18.42419447662673,0.9744009644598925,4,227,14,1,ESHOCK_04_LOC1,shock,ESHOCK,0.4254977942370662,True,0.020133333333433256
44,55.0,0.21912350597609562,6.853753153730186,0.9993877412819312,4,228,11,1,ESHOCK_04_LOC1,shock,ESHOCK,0.6653004707413498,True,0.021866666666937817
45,97.0,0.4470046082949309,18.144063092721264,0.9431242265269204,4,231,28,1,ESHOCK_04_LOC1,shock,ESHOCK,0.46070900729054437,True,0.018766666666579113
46,100.0,0.3937007874015748,15.04835064942512,0.9483786013731474,4,234,4,1,ESHOCK_04_LOC1,shock,ESHOCK,0.43411704932908346,True,0.02173333333348637
47,109.0,0.48444444444444446,0.8343580200357684,0.29973919564845264,4,235,10,1,ESHOCK_04_LOC1,shock,ESHOCK,0.284262138909946,False,0.026799999999994384
48,32.0,0.12403100775193798,4.582795793705176,0.3841709165018746,5,7,4,1,ESHOCK_06_LOC1,sham,ESHOCK,0.30296203741414046,False,0.020133333333205883
49,98.0,0.4537037037037037,9.618301463457382,0.7269233562472772,5,12,8,1,ESHOCK_06_LOC1,sham,ESHOCK,0.4437425135519613,True,0.0283666666668978
50,40.0,0.14925373134328357,6.4276571310022845,0.5261789934656746,5,13,10,1,ESHOCK_06_LOC1,sham,ESHOCK,0.3196964028341316,True,0.02366666666648598
51,55.0,0.21912350597609562,5.81883094012449,0.346053317375931,5,15,12,1,ESHOCK_06_LOC1,sham,ESHOCK,0.22146238427248524,False,0.02558333333331575
52,45.0,0.16605166051660517,4.09578971492731,0.2931659694572026,5,16,14,1,ESHOCK_06_LOC1,sham,ESHOCK,0.28269157456398203,False,0.006200000000035288
54,42.0,0.15555555555555556,2.7692125932985894,0.44812541396473665,5,19,16,1,ESHOCK_06_LOC1,sham,ESHOCK,0.4355667448896884,False,0.020733333333282644
55,46.0,0.17037037037037037,5.908824176090203,0.8926925747989496,5,20,14,1,ESHOCK_06_LOC1,sham,ESHOCK,0.5848130769588379,True,0.02233333333333576
57,35.0,0.14893617021276595,9.333505795980523,0.365297081487713,5,25,21,1,ESHOCK_06_LOC1,sham,ESHOCK,0.30708154792882547,True,0.04390000000012151
58,26.0,0.10483870967741936,5.6199129642856445,0.4049661270652833,5,26,26,1,ESHOCK_06_LOC1,sham,ESHOCK,0.36772691584287165,False,0.029516666666751235
59,40.0,0.14925373134328357,1.9647608620441097,0.5653134531762297,5,27,20,1,ESHOCK_06_LOC1,sham,ESHOCK,0.5020993345579536,False,0.02616666666654055
60,26.0,0.10483870967741936,13.612025679057725,0.4566475898505965,5,28,20,1,ESHOCK_06_LOC1,sham,ESHOCK,0.39995665185223045,True,0.028066666666290985
62,85.0,0.4358974358974359,13.295403135446652,0.6789190094943808,5,40,26,1,ESHOCK_06_LOC1,sham,ESHOCK,0.3984045139951598,True,0.03059999999993579
63,80.0,0.39603960396039606,0.10947347911682723,0.9383774084028698,5,41,25,1,ESHOCK_06_LOC1,sham,ESHOCK,0.9214886448511087,False,0.004383333333333184
64,16.0,0.06557377049180328,2.4202144343096066,0.8029740105360786,5,42,26,1,ESHOCK_06_LOC1,sham,ESHOCK,0.7853904829217356,False,0.03670000000010987
69,22.0,0.08870967741935484,4.818204929249632,0.9426573172184384,5,48,29,1,ESHOCK_06_LOC1,sham,ESHOCK,0.7213720408428864,True,0.027166666666744277
70,23.0,0.0931174089068826,5.991409432266056,0.4659648204430557,5,49,32,1,ESHOCK_06_LOC1,sham,ESHOCK,0.4478129971462614,False,0.04220000000032087
71,22.0,0.08461538461538462,0.2543406394518768,0.831142917889395,5,50,31,1,ESHOCK_06_LOC1,sham,ESHOCK,0.7867116641105951,False,0.028333333333193877
73,34.0,0.12408759124087591,3.440595057957427,0.39581701650815804,5,53,6,1,ESHOCK_06_LOC1,sham,ESHOCK,0.37315817585872546,False,0.022399999999951348
74,60.0,0.26548672566371684,4.622030649629251,0.5357451685024339,5,56,11,1,ESHOCK_06_LOC1,sham,ESHOCK,0.49362603548858536,False,0.03543333333334431
75,41.0,0.15471698113207547,2.888837748423744,0.4760894534403014,5,64,24,1,ESHOCK_06_LOC1,sham,ESHOCK,0.452424719873359,False,0.02696666666679448
76,27.0,0.1067193675889328,2.9777335059020698,0.9380814610799271,5,65,2,1,ESHOCK_06_LOC1,sham,ESHOCK,0.7260465604522747,True,0.026333333333354858
77,23.0,0.09236947791164658,3.0295893644310934,0.8314142542539952,5,66,26,1,ESHOCK_06_LOC1,sham,ESHOCK,0.7273095990126989,False,0.02976666666654637
81,4.0,0.01639344262295082,3.356363584050495,1.07590431582868,6,6,16,1,ESHOCK_07_LOC1,sham,ESHOCK,0.7773564103875015,True,0.0198166666666566
82,18.0,0.07377049180327869,0.5147174105843806,1.2132887749037258,6,9,7,1,ESHOCK_07_LOC1,sham,ESHOCK,1.027344829836312,True,0.019966666666704214
84,80.0,0.20100502512562815,2.9686793083811294,0.3055560540408257,6,12,23,1,ESHOCK_07_LOC1,sham,ESHOCK,0.2927756515269182,False,0.0006000000001620265
85,110.0,0.30386740331491713,2.994195683212871,0.3831057750294313,6,13,23,1,ESHOCK_07_LOC1,sham,ESHOCK,0.3602740861184057,False,0.0007833333334019699
86,126.0,0.4632352941176471,6.0479295743664725,0.6623527182709172,6,14,23,1,ESHOCK_07_LOC1,sham,ESHOCK,0.5433635463225408,True,0.03766666666660967
88,53.0,0.19272727272727272,10.178015492024619,0.9670588956571536,6,16,24,1,ESHOCK_07_LOC1,sham,ESHOCK,0.5505053172020067,True,0.020849999999995816
89,130.0,0.47101449275362317,3.4035551590081248,0.7377949444492153,6,17,23,1,ESHOCK_07_LOC1,sham,ESHOCK,0.6409833804898716,False,0.024433333333490737
90,20.0,0.08,9.810908937993755,0.8958468044143981,6,18,28,1,ESHOCK_07_LOC1,sham,ESHOCK,0.5328641346545975,True,0.02616666666654055
91,19.0,0.07692307692307693,9.845753879968283,0.9380214622293226,6,19,29,1,ESHOCK_07_LOC1,sham,ESHOCK,0.5850823748354252,True,0.023799999999937427
92,24.0,0.096,3.003524250355658,0.8302124486398236,6,20,27,1,ESHOCK_07_LOC1,sham,ESHOCK,0.6946731798931144,True,0.02729999999999677
93,56.0,0.24561403508771928,5.126322014583458,1.0012856376977146,6,22,18,1,ESHOCK_07_LOC1,sham,ESHOCK,0.6858148452485999,True,0.020999999999958163
94,57.0,0.2345679012345679,5.051967847063007,0.9107857997783161,6,23,28,1,ESHOCK_07_LOC1,sham,ESHOCK,0.6167377301588085,True,0.02723333333329947
95,27.0,0.10931174089068826,7.544067122296445,0.87781056624021,6,24,31,1,ESHOCK_07_LOC1,sham,ESHOCK,0.6172144121367836,True,0.025866666666729543
97,15.0,0.06224066390041494,25.82284569934443,0.4590498696775612,7,0,1,1,ESHOCK_08_LOC1,sham,ESHOCK,0.2613394152893591,True,0.02289999999993597
98,52.0,0.1897810218978102,6.5782860533961145,0.9849747982996063,7,2,11,1,ESHOCK_08_LOC1,sham,ESHOCK,0.5491759784145023,True,0.017200000000002547
99,116.0,0.464,0.2650410547038975,1.087794600791573,7,3,7,1,ESHOCK_08_LOC1,sham,ESHOCK,1.028130384880838,True,0.00010000000020227162
100,22.0,0.08943089430894309,10.602739666643286,0.5135084125443277,7,4,9,1,ESHOCK_08_LOC1,sham,ESHOCK,0.36818252056998324,True,0.02513333333308765
101,104.0,0.4642857142857143,11.451090537393236,0.8662706241158028,7,5,9,1,ESHOCK_08_LOC1,sham,ESHOCK,0.41727171046066913,True,0.023800000000392174
102,54.0,0.19285714285714287,2.034999485236861,0.3937923337436291,7,7,14,1,ESHOCK_08_LOC1,sham,ESHOCK,0.3657376528262591,False,0.014500000000225555
103,55.0,0.19572953736654805,0.14349531222581613,0.2782401979677611,7,8,10,1,ESHOCK_08_LOC1,sham,ESHOCK,0.2761858796293092,False,0.038833333333286646
104,62.0,0.21379310344827587,4.911216231055658,0.759737915085024,7,9,14,1,ESHOCK_08_LOC1,sham,ESHOCK,0.4585824293802286,True,0.02289999999993597
105,51.0,0.20318725099601595,7.52211755254871,0.9223247845641377,7,10,16,1,ESHOCK_08_LOC1,sham,ESHOCK,0.5414622247776373,True,0.02386666666666315
106,58.0,0.19463087248322147,2.8353356721636405,0.32567220888542814,7,11,13,1,ESHOCK_08_LOC1,sham,ESHOCK,0.3137212979662229,False,0.00386666666668134
107,67.0,0.2757201646090535,2.1425523770007615,0.9317600876292756,7,12,14,1,ESHOCK_08_LOC1,sham,ESHOCK,0.5823177902051855,True,0.023533333333261908
108,25.0,0.09881422924901186,26.79603474803462,0.16381709349332957,7,16,21,1,ESHOCK_08_LOC1,sham,ESHOCK,0.12824267413318485,True,0.03493333333335613
109,63.0,0.22580645161290322,7.996228259099781,0.5144568051739413,7,17,21,1,ESHOCK_08_LOC1,sham,ESHOCK,0.3872514746849801,True,0.03261666666662677
110,51.0,0.19245283018867926,4.438203002991973,0.7536654384275517,7,19,24,1,ESHOCK_08_LOC1,sham,ESHOCK,0.5623009405144309,True,0.02539999999999054
111,20.0,0.08130081300813008,10.690812315256073,0.3888304474070745,7,20,26,1,ESHOCK_08_LOC1,sham,ESHOCK,0.35674384709670515,True,0.03294999999992143
113,14.0,0.05785123966942149,8.849517783042971,0.525898751543803,7,23,32,1,ESHOCK_08_LOC1,sham,ESHOCK,0.3969899887132413,True,0.029466666666792207
114,138.0,0.45695364238410596,0.7660399841959439,0.34674155343658025,7,24,23,1,ESHOCK_08_LOC1,sham,ESHOCK,0.23689201586502298,True,0.042466666666769015
115,44.0,0.1774193548387097,15.18992537429801,0.3404118259300638,7,25,23,1,ESHOCK_08_LOC1,sham,ESHOCK,0.26027592465779986,True,0.020799999999780994
116,59.0,0.27699530516431925,10.554724982820117,0.45887588798643225,7,26,31,1,ESHOCK_08_LOC1,sham,ESHOCK,0.3651198665805083,True,0.04096666666691817
117,81.0,0.41968911917098445,0.7838740096159784,0.4185521753618236,7,27,23,1,ESHOCK_08_LOC1,sham,ESHOCK,0.34644576185434073,True,0.043850000000247746
118,82.0,0.21025641025641026,0.5748043577688046,0.6013763592649443,7,30,23,1,ESHOCK_08_LOC1,sham,ESHOCK,0.609872424233053,True,0.03819999999996071
120,72.0,0.23076923076923078,1.1081789026387598,0.5390064176282388,7,32,9,1,ESHOCK_08_LOC1,sham,ESHOCK,0.3955076098319405,True,0.021133333333182236
121,74.0,0.24503311258278146,14.937779691820905,0.3674326856424747,7,33,32,1,ESHOCK_08_LOC1,sham,ESHOCK,0.3320378404337074,True,0.019400000000018736
122,104.0,0.3076923076923077,0.540508155037969,0.48840881627046706,7,34,23,1,ESHOCK_08_LOC1,sham,ESHOCK,0.45541286369439243,True,0.0397333333332881
123,31.0,0.12156862745098039,1.2821292428895579,0.8539025160275474,7,35,32,1,ESHOCK_08_LOC1,sham,ESHOCK,0.7241705358736374,True,0.02416666666670153
124,89.0,0.40271493212669685,0.8000618173049328,0.9955308743502435,7,94,23,1,ESHOCK_08_LOC1,sham,ESHOCK,0.6379737721005463,True,0.0048333333333800965
125,47.0,0.17472118959107807,0.4927678408366459,0.5943452152384253,7,98,16,1,ESHOCK_08_LOC1,sham,ESHOCK,0.5615807042493832,False,0.019049999999992906
126,51.0,0.1881918819188192,1.1828074397810582,0.7828915542245928,7,100,16,1,ESHOCK_08_LOC1,sham,ESHOCK,0.7410363190076283,False,0.011499999999955435
127,29.0,0.11284046692607004,0.5772736843654248,0.9698137335104341,7,102,16,1,ESHOCK_08_LOC1,sham,ESHOCK,0.57270691455911,True,0.0227999999997337
128,67.0,0.9436619718309859,0.1764196668474183,0.9300166715219131,7,104,23,1,ESHOCK_08_LOC1,sham,ESHOCK,0.8110750076649618,True,0.031716666666625315
129,59.0,0.271889400921659,0.4033233441146266,0.8549186612373738,7,113,5,1,ESHOCK_08_LOC1,sham,ESHOCK,0.7040010140781461,True,0.021433333333334303
130,16.0,0.06611570247933884,0.4483199620974829,0.8294833661100399,7,115,32,1,ESHOCK_08_LOC1,sham,ESHOCK,0.5496075111097934,True,0.027966666666770834
131,42.0,0.15555555555555556,0.012346632983100816,0.8040813538156304,7,120,15,1,ESHOCK_08_LOC1,sham,ESHOCK,0.7753049825722503,False,0.030833333333248447
132,103.0,0.4204081632653061,3.4908046987553703,0.25859569645909214,8,1,5,1,ESHOCK_09_LOC1,sham,ESHOCK,0.25538632132263234,False,0.01899999999999835
135,44.0,0.16296296296296298,8.331233567374584,0.916206949558518,8,11,12,1,ESHOCK_09_LOC1,sham,ESHOCK,0.5198701737665639,True,0.02189999999995962
136,102.0,0.4811320754716981,3.6828634340480497,0.29627435288595133,8,12,12,1,ESHOCK_09_LOC1,sham,ESHOCK,0.2955207303996341,False,0.01273333333332971
137,51.0,0.17770034843205576,1.7397777721298282,0.25895724063084796,8,14,11,1,ESHOCK_09_LOC1,sham,ESHOCK,0.25880717743273557,False,0.025199999999998113
138,138.0,0.5564516129032258,6.258096704701033,0.7891036532584685,8,15,25,1,ESHOCK_09_LOC1,sham,ESHOCK,0.4672103096649065,True,0.023433333333514383
139,47.0,0.1649122807017544,2.7494579805256283,0.312782197328559,8,17,13,1,ESHOCK_09_LOC1,sham,ESHOCK,0.3102335727615598,False,0.011866666666662695
140,79.0,0.265993265993266,3.910041480937105,0.7309521880148513,8,18,7,1,ESHOCK_09_LOC1,sham,ESHOCK,0.5943121109723755,True,0.023466666666536184
142,98.0,0.4152542372881356,7.919679134604556,0.6550991365399278,8,22,7,1,ESHOCK_09_LOC1,sham,ESHOCK,0.3746065900197283,True,0.0216333333332841
144,25.0,0.099601593625498,8.93155429997513,0.5985859223072878,8,25,22,1,ESHOCK_09_LOC1,sham,ESHOCK,0.33819615327601904,True,0.024766666666664605
145,25.0,0.10040160642570281,1.3800791978888245,0.5801128169736037,8,26,18,1,ESHOCK_09_LOC1,sham,ESHOCK,0.5032424557717147,False,0.03460000000001173
146,131.0,0.4106583072100313,2.8951482497262178,0.35297015823552297,8,27,7,1,ESHOCK_09_LOC1,sham,ESHOCK,0.3457685318300135,False,0.02028333333333876
147,138.0,0.5307692307692308,8.245904614980264,0.6684163527500785,8,28,7,1,ESHOCK_09_LOC1,sham,ESHOCK,0.47986762058274074,True,0.03226666666660094
151,21.0,0.08433734939759036,0.8859395089429452,0.8366404843291738,8,33,24,1,ESHOCK_09_LOC1,sham,ESHOCK,0.7714579415033127,False,0.026116666666666788
152,20.0,0.08130081300813008,7.286434047382407,0.4568885912431136,8,35,25,1,ESHOCK_09_LOC1,sham,ESHOCK,0.4057468964976395,False,0.03196666666644887
153,19.0,0.07755102040816327,5.6832923469322285,0.9583847931029695,8,36,24,1,ESHOCK_09_LOC1,sham,ESHOCK,0.6654345187776189,True,0.02226666666683741
154,31.0,0.11969111969111969,12.725537430871087,0.36319434804257383,8,37,28,1,ESHOCK_09_LOC1,sham,ESHOCK,0.2870860394494859,True,0.0421000000001186
155,91.0,0.40444444444444444,5.883856540502155,0.47672378636398216,8,38,28,1,ESHOCK_09_LOC1,sham,ESHOCK,0.301432780610273,False,0.02246666666653141
156,90.0,0.4090909090909091,5.653660427772786,0.8681895014120216,8,39,30,1,ESHOCK_09_LOC1,sham,ESHOCK,0.5823345719614857,True,0.02173333333333005
157,20.0,0.08064516129032258,13.0224053617092,0.5307454934128534,8,40,30,1,ESHOCK_09_LOC1,sham,ESHOCK,0.38467757926882173,True,0.03890000000001237
158,97.0,0.28955223880597014,2.4674060092672363,0.6113421170256444,8,42,7,1,ESHOCK_09_LOC1,sham,ESHOCK,0.5162803955513442,False,0.020133333333340886
159,133.0,0.5341365461847389,15.175109414718289,0.8044358544432393,8,43,7,1,ESHOCK_09_LOC1,sham,ESHOCK,0.5370578791993328,True,0.013500000000021828
161,138.0,0.9324324324324325,3.3036846166559313,0.6683637661337256,8,48,7,1,ESHOCK_09_LOC1,sham,ESHOCK,0.6367391465120428,False,0.005066666666664332
162,129.0,0.36962750716332377,11.328447316427768,0.8413754502538121,8,50,7,1,ESHOCK_09_LOC1,sham,ESHOCK,0.49132845949972437,True,0.019000000000005457
163,133.0,0.4418604651162791,4.9197216893329045,0.8805064903884404,8,51,7,1,ESHOCK_09_LOC1,sham,ESHOCK,0.5341432860717772,True,0.020933333333459814
164,43.0,0.16475095785440613,16.0679081642074,0.9387814684469394,8,53,32,1,ESHOCK_09_LOC1,sham,ESHOCK,0.4632865101839995,True,0.022166666666777246
166,110.0,0.3374233128834356,1.5976543080132455,0.3888141223066342,8,56,7,1,ESHOCK_09_LOC1,sham,ESHOCK,0.3761599061100781,False,0.01896666666652891
167,129.0,0.5633187772925764,3.179395177959383,0.37352140910779047,8,59,16,1,ESHOCK_09_LOC1,sham,ESHOCK,0.33719424924662533,False,0.008499999999912689
176,69.0,0.28870292887029286,6.843052738478165,0.8608498447696264,8,164,14,1,ESHOCK_09_LOC1,sham,ESHOCK,0.5302149575239697,True,0.024033333333136397
177,98.0,0.2934131736526946,8.75266530653109,0.5573512776514559,8,166,7,1,ESHOCK_09_LOC1,sham,ESHOCK,0.43703865713661305,True,0.03719999999998436
178,38.0,0.09895833333333333,1.1902154195709185,0.9589689373065132,8,168,7,1,ESHOCK_09_LOC1,sham,ESHOCK,0.7686527111538695,True,0.011099999999942156
179,54.0,0.2872340425531915,1.7315466834744275,0.8635066696681027,8,170,7,1,ESHOCK_09_LOC1,sham,ESHOCK,0.7177612999994157,False,0.024583333333112023
180,39.0,0.3391304347826087,0.7377799131457353,0.5247036523515485,8,172,7,1,ESHOCK_09_LOC1,sham,ESHOCK,0.5138965747466011,False,0.024383333333368284
181,38.0,0.14393939393939395,6.409274366338557,0.9637581783589975,8,174,8,1,ESHOCK_09_LOC1,sham,ESHOCK,0.4622542528534008,True,0.024466666666512538
182,83.0,0.4486486486486487,5.052790955928547,0.7043164800610293,8,176,20,1,ESHOCK_09_LOC1,sham,ESHOCK,0.45681411820731355,True,0.02626666666674282
184,72.0,0.7058823529411765,1.0634566542777502,0.8104817823024746,8,180,7,1,ESHOCK_09_LOC1,sham,ESHOCK,0.4908909218225534,True,0.02773333333334449
185,59.0,0.14081145584725538,2.2929069297727445,0.9116608324539134,8,182,7,1,ESHOCK_09_LOC1,sham,ESHOCK,0.6473672175652184,True,0.024883333333377777
1011,31.0,0.11969111969111969,2.740129413382841,0.7054591565773963,22,13,16,1,hamilton_10,acute_cit,HAMILTON,0.5578238839724193,True,0.03273333333345363
1013,113.0,0.46122448979591835,0.9816945069674381,0.2668336541065115,22,47,21,1,hamilton_10,acute_cit,HAMILTON,0.2600272295555514,False,0.013150000000052842
1014,13.0,0.05394190871369295,0.3550342906696101,0.6471719617394285,22,49,31,1,hamilton_10,acute_cit,HAMILTON,0.6430739662486719,False,0.024966666666841775
1015,43.0,0.16104868913857678,1.2014645740666325,0.3080046812052372,22,51,21,1,hamilton_10,acute_cit,HAMILTON,0.30134757270181906,False,0.006416666666652304
1016,44.0,0.16417910447761194,0.2504994647460232,0.49274846083060275,22,53,21,1,hamilton_10,acute_cit,HAMILTON,0.48564878390188604,False,0.04243333333334931
1018,43.0,0.16104868913857678,0.1857482339902056,0.4242281023080726,22,59,21,1,hamilton_10,acute_cit,HAMILTON,0.4242281023080726,False,
1019,41.0,0.16205533596837945,0.85905128600197,0.9291133550344447,22,61,14,1,hamilton_10,acute_cit,HAMILTON,0.7840041804983272,False,0.025516666666703713
1020,23.0,0.09163346613545817,0.10865037025128717,1.096451849512627,22,63,32,1,hamilton_10,acute_cit,HAMILTON,0.9884410755828023,True,0.02178333333335658
1021,53.0,0.19272727272727272,5.460504213992721,0.9890380014326708,23,57,21,1,hamilton_03,acute_sal,HAMILTON,0.5063628387946009,True,0.021783333333360133
1022,19.0,0.07569721115537849,1.1048864671765997,0.5855547745348163,23,67,28,1,hamilton_03,acute_sal,HAMILTON,0.554547644456895,False,0.024766666666664605
1024,41.0,0.15708812260536398,3.9704027977433753,0.9647775925259094,23,83,29,1,hamilton_03,acute_sal,HAMILTON,0.571185169192199,True,0.02326666666662902
1025,35.0,0.13409961685823754,2.1902926912020844,0.46885907569659313,23,86,32,1,hamilton_03,acute_sal,HAMILTON,0.4535877717438935,False,0.03236666666680321
1026,34.0,0.13178294573643412,2.742598739979461,0.7259157548935663,23,92,31,1,hamilton_03,acute_sal,HAMILTON,0.4521350340945175,True,0.024783333333331825
1027,37.0,0.1417624521072797,2.9072205130874718,0.7979907209537,23,101,32,1,hamilton_03,acute_sal,HAMILTON,0.5248294119184754,True,0.022866666666658375
1028,38.0,0.14615384615384616,1.334259471040428,0.5849258119204169,23,109,25,1,hamilton_03,acute_sal,HAMILTON,0.5399077792033211,False,0.016366666666726815
1029,54.0,0.22131147540983606,5.140589234919486,0.9208962078540948,23,112,30,1,hamilton_03,acute_sal,HAMILTON,0.4791438126143659,True,0.02186666666648307
1030,102.0,0.51,3.824712528542786,0.9710507580405422,23,115,27,1,hamilton_03,acute_sal,HAMILTON,0.5768123381238293,True,0.022633333333317296
1031,31.0,0.1225296442687747,3.0032498807338115,0.44538632450205334,24,91,31,1,hamilton_04,acute_cit,HAMILTON,0.3817455612528788,False,0.040933333333441624
1032,24.0,0.09836065573770492,2.7275084107778933,0.5758259725534032,24,93,32,1,hamilton_04,acute_cit,HAMILTON,0.40986872770660715,False,0.024599999999992406
1034,29.0,0.11372549019607843,2.2215708280926068,0.5784516040408577,24,99,31,1,hamilton_04,acute_cit,HAMILTON,0.5561029895183145,False,0.039283333333315795
1035,45.0,0.16483516483516483,1.8714751906162368,0.5878474088651765,24,101,25,1,hamilton_04,acute_cit,HAMILTON,0.54356264731026,False,0.03993333333333027
1036,37.0,0.13454545454545455,0.9188638635645473,0.8295385825067588,24,105,25,1,hamilton_04,acute_cit,HAMILTON,0.7064135833060021,False,0.028699999999844295
1037,87.0,0.42857142857142855,0.3517418552074499,0.9408293987432785,24,107,9,1,hamilton_04,acute_cit,HAMILTON,0.8435230060926558,False,0.025200000000040745
1038,48.0,0.17777777777777778,0.31772002209846095,0.710748025697188,24,113,25,1,hamilton_04,acute_cit,HAMILTON,0.676851962941695,False,0.03909999999999947
1040,28.0,0.11023622047244094,0.12758187415870842,0.80424411202528,24,121,31,1,hamilton_04,acute_cit,HAMILTON,0.7853528911622714,False,0.036766666666608216
1041,27.0,0.1067193675889328,0.11605835004114766,0.7823201311987054,24,128,31,1,hamilton_04,acute_cit,HAMILTON,0.7688141764968972,False,0.03483333333332439
1044,34.0,0.1328125,1.3449598862924488,0.7683155494242329,24,142,25,1,hamilton_04,acute_cit,HAMILTON,0.6729345379295756,False,0.03296666666653891
1045,46.0,0.19327731092436976,1.4662312591486835,0.6208325336173594,24,144,21,1,hamilton_04,acute_cit,HAMILTON,0.5884343877328383,False,0.03466666666662377
1046,34.0,0.13076923076923078,3.263901021488162,0.7162211376682678,24,146,19,1,hamilton_04,acute_cit,HAMILTON,0.5639681673636797,True,0.033266666666577294
1047,58.0,0.25217391304347825,0.8488996099936427,0.4935121556903169,24,147,9,1,hamilton_04,acute_cit,HAMILTON,0.49157424340903905,False,0.006266666666647325
1048,42.0,0.16535433070866143,0.444753157013476,0.8958344799464013,24,148,14,1,hamilton_04,acute_cit,HAMILTON,0.869089701236922,False,0.02923333333330902
1049,26.0,0.10483870967741936,2.27260357775609,0.4303639807229888,24,149,31,1,hamilton_04,acute_cit,HAMILTON,0.3565157897748517,False,0.02293333333341252
1050,43.0,0.16104868913857678,3.336334601655687,0.7840808864724023,24,150,4,1,hamilton_04,acute_cit,HAMILTON,0.553206955434371,True,0.027183333333397286
1051,93.0,0.3217993079584775,0.009054197520940598,1.4428327504050436,25,5,7,1,hamilton_09,acute_cit,HAMILTON,1.105821749013188,True,0.0023000000000195087
1052,87.0,0.3411764705882353,2.3867413404443107,0.6846662190651323,25,10,28,1,hamilton_09,acute_cit,HAMILTON,0.46955268885768203,True,0.024466666666683068
1053,35.0,0.13409961685823754,6.095121149324102,0.6361911824526878,25,12,27,1,hamilton_09,acute_cit,HAMILTON,0.4154712539644017,True,0.032199999999988904
1054,55.0,0.1971326164874552,5.0217871886598715,0.9835658846669779,25,13,27,1,hamilton_09,acute_cit,HAMILTON,0.5431269256755219,True,0.022866666666644164
1055,58.0,0.20422535211267606,3.488609741780597,0.9946064758768871,25,41,31,1,hamilton_09,acute_cit,HAMILTON,0.5503601808813224,True,0.02215000000001055
1056,41.0,0.155893536121673,0.13745918054518907,0.9687385677785372,25,43,32,1,hamilton_09,acute_cit,HAMILTON,0.7262988354557935,True,0.026966666666567107
1057,60.0,0.2112676056338028,3.993449845978497,0.9872290580866042,25,45,31,1,hamilton_09,acute_cit,HAMILTON,0.546894865421167,True,0.02176666666662186
1058,41.0,0.15355805243445692,2.406770322839119,0.6362279021926747,25,47,19,1,hamilton_09,acute_cit,HAMILTON,0.572657444029406,False,0.039833333333348264
1059,68.0,0.23448275862068965,2.0328045282620875,0.3028234395436281,25,49,26,1,hamilton_09,acute_cit,HAMILTON,0.3010708204861638,False,0.04256666666667286
1060,59.0,0.20701754385964913,0.6340681960876885,0.4681434376841574,25,51,23,1,hamilton_09,acute_cit,HAMILTON,0.40324518213368277,False,0.016066666666688434
1061,75.0,0.25951557093425603,1.8808037577590242,0.8144488589446878,25,53,24,1,hamilton_09,acute_cit,HAMILTON,0.540132675719949,True,0.021800000000013142
1062,31.0,0.12062256809338522,0.3196406094513878,0.8185168489755277,25,55,30,1,hamilton_09,acute_cit,HAMILTON,0.7301931217167856,False,0.026566666666703043
1064,59.0,0.20701754385964913,0.007956719033553859,1.3813583414806967,25,69,30,1,hamilton_09,acute_cit,HAMILTON,1.40413644823948,True,0.0030000000000143245
1065,75.0,0.18610421836228289,0.08368273466323886,0.43937323730351335,25,75,23,1,hamilton_09,acute_cit,HAMILTON,0.43937323730351335,False,
1068,48.0,0.17647058823529413,5.525255444748538,0.9526396430488134,25,85,31,1,hamilton_09,acute_cit,HAMILTON,0.4832894572982565,True,0.021233333333327664
1613,100.0,0.4854368932038835,1.2258834704109876,0.691791188543671,39,2,2,1,hamilton_31,acute_cit,HAMILTON,0.6171209597515823,False,0.025599999999940337
1614,31.0,0.12062256809338522,0.6535484392388031,0.9781700124285484,39,6,1,1,hamilton_31,acute_cit,HAMILTON,0.8820019456790382,False,0.02444999999988795
1615,37.0,0.14285714285714285,0.6785160748268515,0.9662675254192685,39,8,1,1,hamilton_31,acute_cit,HAMILTON,0.8705518383059898,False,0.026549999999986085
1616,34.0,0.12878787878787878,0.08560332201616565,1.0331539765007618,39,9,1,1,hamilton_31,acute_cit,HAMILTON,1.0253444084285699,False,0.01903333333325463
1617,38.0,0.14285714285714285,0.05295333701641016,1.0247946118650848,39,11,1,1,hamilton_31,acute_cit,HAMILTON,0.9996875878163753,False,0.016066666666660012
1619,32.0,0.13114754098360656,0.888683205161412,0.9756923014581536,39,22,3,1,hamilton_31,acute_cit,HAMILTON,0.8471294051473588,False,0.024266666666562742
1620,54.0,0.1956521739130435,1.5696686065848835,0.2171432686398094,39,25,4,1,hamilton_31,acute_cit,HAMILTON,0.2156654212736798,False,0.04573333333333096
1621,39.0,0.14942528735632185,1.0672978289836037,0.7498648586756331,39,26,4,1,hamilton_31,acute_cit,HAMILTON,0.6814517470142724,False,0.022400000000061482
1622,21.0,0.08502024291497975,0.7558883081876165,0.8679076173176037,39,36,3,1,hamilton_31,acute_cit,HAMILTON,0.7850674479523533,False,0.020599999999831198
1623,26.0,0.104,1.2898115923012652,0.8065154944578845,39,37,5,1,hamilton_31,acute_cit,HAMILTON,0.68974497876406,False,0.02369999999996253
1625,23.0,0.0931174089068826,0.4776775116350782,0.9607706655092739,39,43,5,1,hamilton_31,acute_cit,HAMILTON,0.8658548584254485,False,0.02036666666668907
1626,21.0,0.08433734939759036,1.4061443119642594,0.6766129464058735,39,48,8,1,hamilton_31,acute_cit,HAMILTON,0.6335501672192637,False,0.02760000000000673
1632,24.0,0.0967741935483871,0.343785136173896,0.9866778595833926,39,93,9,1,hamilton_31,acute_cit,HAMILTON,0.9396049529574702,False,0.022133333333385963
1636,21.0,0.08571428571428572,0.5424287423908958,0.9995248991487519,39,106,11,1,hamilton_31,acute_cit,HAMILTON,0.9144560474007445,False,0.024366666666765013
1638,23.0,0.09236947791164658,0.33473093865295545,1.029933251869005,39,119,13,1,hamilton_31,acute_cit,HAMILTON,0.9847992824549563,False,0.026799999999980173
1639,25.0,0.1037344398340249,0.7108916902047603,0.9118007479039294,39,120,14,1,hamilton_31,acute_cit,HAMILTON,0.8604717084924545,False,0.02640000000008058
1640,26.0,0.104,3.4375769921171138,0.7445744316091346,39,121,15,1,hamilton_31,acute_cit,HAMILTON,0.5811988071877355,True,0.030666666666547826
1641,33.0,0.13580246913580246,0.6785160748268515,1.0177854768141248,39,134,14,1,hamilton_31,acute_cit,HAMILTON,0.9085485688185718,False,0.024900000000002365
1642,23.0,0.09236947791164658,1.4025775068802526,0.8110575390162507,39,152,15,1,hamilton_31,acute_cit,HAMILTON,0.7376379886211969,False,0.0289666666666335
1644,38.0,0.1532258064516129,0.924351256001481,1.0174339722494683,39,157,16,1,hamilton_31,acute_cit,HAMILTON,0.8710000976923964,False,0.024566666666657966
1645,43.0,0.17408906882591094,1.559791300198403,0.9627419519971468,39,159,16,1,hamilton_31,acute_cit,HAMILTON,0.7807081051322482,True,0.026666666666642413
1647,42.0,0.15555555555555556,1.5318055987700412,0.5373561741410785,39,163,18,1,hamilton_31,acute_cit,HAMILTON,0.526957996442676,False,0.030116666666685887
1648,28.0,0.11023622047244094,1.4558052135185093,0.6999933645675351,39,164,19,1,hamilton_31,acute_cit,HAMILTON,0.6816921336490066,False,0.038433333333387054
1649,29.0,0.11934156378600823,1.5062892239382994,0.6369319856589644,39,166,18,1,hamilton_31,acute_cit,HAMILTON,0.6224705040432643,False,0.026833333333343035
1650,28.0,0.11023622047244094,0.5956564490291526,0.8853458424524381,39,169,19,1,hamilton_31,acute_cit,HAMILTON,0.8703747252320957,False,0.0369666666666717
1651,31.0,0.12449799196787148,1.9727175810776636,0.6083025307810719,39,187,23,1,hamilton_31,acute_cit,HAMILTON,0.5729607560878335,False,0.0329666666666526
1655,59.0,0.2532188841201717,0.21675200125888097,1.0069127649902987,39,196,23,1,hamilton_31,acute_cit,HAMILTON,0.9767699410426038,False,0.030166666666673336
1657,23.0,0.09387755102040816,1.727705508768574,0.6025920133659086,39,198,24,1,hamilton_31,acute_cit,HAMILTON,0.5447568172824431,False,0.023083333333318024
1658,28.0,0.11023622047244094,2.1771229493534436,0.4709455140310305,39,205,24,1,hamilton_31,acute_cit,HAMILTON,0.45015572822781713,False,0.028816666666642732
1659,27.0,0.10931174089068826,0.6368118923061553,0.9606521353620453,39,207,24,1,hamilton_31,acute_cit,HAMILTON,0.8775499886575028,False,0.024183333333439805
1660,27.0,0.1067193675889328,3.6872533479975966,0.3667800310170969,39,209,25,1,hamilton_31,acute_cit,HAMILTON,0.3508875302478117,False,0.043166666666678566
1661,31.0,0.12062256809338522,2.5565761363674087,0.5688722928892568,39,210,25,1,hamilton_31,acute_cit,HAMILTON,0.4940773752083463,False,0.028966666666666807
1663,34.0,0.14166666666666666,0.5868766211300588,0.7140482127748038,39,213,28,1,hamilton_31,acute_cit,HAMILTON,0.7023359120620575,False,0.02643333333321607
1664,22.0,0.08943089430894309,1.067846568227297,0.4652696045558791,39,222,27,1,hamilton_31,acute_cit,HAMILTON,0.46111596935179416,False,0.011716666666671927
1666,27.0,0.11020408163265306,1.8037058940201056,0.4170939598876114,39,229,29,1,hamilton_31,acute_cit,HAMILTON,0.40910235290752395,False,0.028433333333339306
1667,24.0,0.0975609756097561,0.5997719933568529,0.9547088453213509,39,267,29,1,hamilton_31,acute_cit,HAMILTON,0.8806038753735973,False,0.02223333333336086
1668,21.0,0.08571428571428572,2.8718268318692495,0.48392890068448025,39,268,31,1,hamilton_31,acute_cit,HAMILTON,0.4710545648184223,False,0.038399999999910506
1669,25.0,0.099601593625498,0.8488996099936427,0.7608195180064372,39,269,27,1,hamilton_31,acute_cit,HAMILTON,0.7346887926389826,False,0.03908333333333758
1670,22.0,0.08943089430894309,0.7715273766328776,1.2335113588820492,39,270,29,1,hamilton_31,acute_cit,HAMILTON,1.0856281010987074,True,0.024166666666587844
1671,34.0,0.14285714285714285,0.7973181210864659,0.9795918075113229,39,274,32,1,hamilton_31,acute_cit,HAMILTON,0.8707771555950213,False,0.023749999999949978
1675,23.0,0.0931174089068826,1.1043377279329063,0.8849315719324321,39,279,32,1,hamilton_31,acute_cit,HAMILTON,0.793154500000046,False,0.023733333333439077
1676,27.0,0.11020408163265306,0.2847956674768588,1.1613710572420317,39,281,32,1,hamilton_31,acute_cit,HAMILTON,0.8198129536129254,True,0.017133333333333667
1678,24.0,0.0967741935483871,0.6252883681885946,0.9398485551006511,39,297,11,1,hamilton_31,acute_cit,HAMILTON,0.8687937701532762,False,0.02431666666655019
1679,25.0,0.10040160642570281,1.476108565535164,0.8613030304726894,39,299,15,1,hamilton_31,acute_cit,HAMILTON,0.7735608142645389,False,0.030666666666547826
1680,22.0,0.08943089430894309,2.1546246403620155,0.5086466423409629,39,301,26,1,hamilton_31,acute_cit,HAMILTON,0.48182997122450105,False,0.026033333333316477
1681,29.0,0.11553784860557768,1.5224770316272538,0.677465643585325,39,303,3,1,hamilton_31,acute_cit,HAMILTON,0.6398765245502078,False,0.02738333333331866
1682,32.0,0.12903225806451613,1.9515911201954688,0.5755942521365461,39,305,32,1,hamilton_31,acute_cit,HAMILTON,0.505382609567275,False,0.026633333333279552
1683,34.0,0.13076923076923078,0.722415214322321,0.9476656979832284,39,307,1,1,hamilton_31,acute_cit,HAMILTON,0.863790463618094,False,0.02654999999992924
1684,24.0,0.0967741935483871,0.6508047430203363,0.7840247533114374,39,309,16,1,hamilton_31,acute_cit,HAMILTON,0.7801705866925236,False,0.02199999999999136
1685,41.0,0.1607843137254902,0.40661577957678685,0.8926232266412958,39,311,26,1,hamilton_31,acute_cit,HAMILTON,0.8394646099229416,False,0.025333333333264818
1686,29.0,0.11372549019607843,1.4017543980147125,0.7173350253162171,39,313,5,1,hamilton_31,acute_cit,HAMILTON,0.6626847148978299,False,0.030599999999992633
1687,23.0,0.09236947791164658,1.6418278171305618,0.7027767579909705,39,315,3,1,hamilton_31,acute_cit,HAMILTON,0.6649027880638249,False,0.03133333333335031
1690,27.0,0.11297071129707113,7.253784062382652,0.8274887311760312,40,3,2,1,hamilton_38,acute_cit,HAMILTON,0.4528873078052544,True,0.02926666666667188
1691,17.0,0.06995884773662552,3.277070763336803,0.6502271786443234,40,7,2,1,hamilton_38,acute_cit,HAMILTON,0.554429454065615,True,0.028933333333412747
1693,16.0,0.06611570247933884,4.29114088568215,0.5828315423214254,40,21,4,1,hamilton_38,acute_cit,HAMILTON,0.5125823497653738,True,0.042933333333166956
1695,27.0,0.1111111111111111,1.267313283309837,1.0109824318357017,40,30,6,1,hamilton_38,acute_cit,HAMILTON,0.819361741999317,True,0.024149999999963256
1697,23.0,0.09387755102040816,3.2660959784629355,0.8313363117526583,40,61,6,1,hamilton_38,acute_cit,HAMILTON,0.613809497506336,True,0.033533333333309656
1698,32.0,0.128,1.908789459187386,0.912469320568335,40,68,10,1,hamilton_38,acute_cit,HAMILTON,0.727367708929655,True,0.027433333333391374
1700,74.0,0.24666666666666667,0.032101245756062116,0.951230766920289,40,75,10,1,hamilton_38,acute_cit,HAMILTON,0.9360664100485909,False,0.02256666666653473
1706,23.0,0.09236947791164658,3.4373026224952667,0.9051323693119517,40,105,16,1,hamilton_38,acute_cit,HAMILTON,0.6665765220455772,True,0.011099999999999
1708,49.0,0.1821561338289963,0.01152352411756076,0.91987917559444,40,125,17,1,hamilton_38,acute_cit,HAMILTON,0.91987917559444,False,
1709,32.0,0.125,0.8244807136492878,0.9576836001791246,40,127,17,1,hamilton_38,acute_cit,HAMILTON,0.8475333664934941,False,0.02616666666668266
1712,27.0,0.10931174089068826,2.4696009662420098,0.9169951007755794,40,152,20,1,hamilton_38,acute_cit,HAMILTON,0.6979770864493876,True,0.022466666666616675
1713,52.0,0.1897810218978102,0.7693324196581041,0.9532669394722009,40,153,21,1,hamilton_38,acute_cit,HAMILTON,0.8858556081155409,False,0.041166666666640594
1715,77.0,0.19201995012468828,0.0016462177310801087,0.8850743178272318,40,159,24,1,hamilton_38,acute_cit,HAMILTON,0.8850743178272318,False,
1720,29.0,0.11372549019607843,0.919961342051934,1.0229883068426215,40,170,22,1,hamilton_38,acute_cit,HAMILTON,0.8604479971501147,True,0.019700000000057116
1721,29.0,0.11553784860557768,2.504994647460232,0.7995906806353263,40,175,23,1,hamilton_38,acute_cit,HAMILTON,0.6205883413736045,True,0.028700000000029036
1725,27.0,0.1067193675889328,2.5340778273759805,0.9711931478314074,40,214,24,1,hamilton_38,acute_cit,HAMILTON,0.6972217312171256,True,0.023133333333134942
1726,25.0,0.099601593625498,2.87758859392803,0.9734974395504419,40,221,26,1,hamilton_38,acute_cit,HAMILTON,0.6889118654819946,True,0.026033333333316477
1727,27.0,0.1067193675889328,3.5840903701832434,0.9173037873350668,40,225,27,1,hamilton_38,acute_cit,HAMILTON,0.6206851833897629,True,0.025483333333340852
1728,29.0,0.11196911196911197,0.3380233741151156,1.034884470108949,40,227,29,1,hamilton_38,acute_cit,HAMILTON,0.9236832308315658,True,0.028633333333345945
1732,55.0,0.1864406779661017,0.04938653193240326,1.0650159930916123,40,258,29,1,hamilton_38,acute_cit,HAMILTON,0.9890261757260246,False,0.029899999999997817
1733,27.0,0.1067193675889328,0.9240768863796344,1.0422521965069724,40,261,29,1,hamilton_38,acute_cit,HAMILTON,0.8127649294546968,True,0.018866666666610854
1735,22.0,0.09166666666666666,0.0016462177310801087,1.3613250282947948,40,267,30,1,hamilton_38,acute_cit,HAMILTON,1.3613250282947948,False,
1736,48.0,0.18461538461538463,0.010700415252020706,1.1463230847813366,40,268,30,1,hamilton_38,acute_cit,HAMILTON,1.1463230847813366,False,
1737,31.0,0.1225296442687747,1.948024315111462,0.9263020498495836,40,270,30,1,hamilton_38,acute_cit,HAMILTON,0.7412719579713454,True,0.026233333333493647
1739,56.0,0.1891891891891892,1.4835165453250245,0.4235648215889465,40,273,31,1,hamilton_38,acute_cit,HAMILTON,0.42324964948864036,False,0.04396666666661986
1741,21.0,0.08502024291497975,2.52173119439288,0.9619948801237367,40,281,31,1,hamilton_38,acute_cit,HAMILTON,0.7141225375136778,True,0.02460000000007767
1743,43.0,0.17408906882591094,4.619835692654478,0.9385211865021698,40,283,32,1,hamilton_38,acute_cit,HAMILTON,0.5642994019536373,True,0.023633333333236806
1748,41.0,0.17012448132780084,0.6170572795331941,0.9935219193805601,40,292,27,1,hamilton_38,acute_cit,HAMILTON,0.8655856637017141,True,0.02686666666659221
1749,99.0,0.45622119815668205,1.5051917454509127,1.005305427577335,40,293,32,1,hamilton_38,acute_cit,HAMILTON,0.8376497232502456,True,0.03275000000002137
1751,31.0,0.12062256809338522,0.03978359516776929,0.9619448845325298,40,295,25,1,hamilton_38,acute_cit,HAMILTON,0.9546351582970972,False,0.0003000000001520675
1752,19.0,0.07755102040816327,2.2512027472520484,0.8240933559219774,40,297,32,1,hamilton_38,acute_cit,HAMILTON,0.620200038096704,True,0.02386666666669157
1754,43.0,0.15867158671586715,1.2261578400328343,0.9754563088375057,40,301,12,1,hamilton_38,acute_cit,HAMILTON,0.8695317625367367,True,0.03636666666659494
1755,82.0,0.38317757009345793,0.6826316191545517,0.5007880100473279,40,303,21,1,hamilton_38,acute_cit,HAMILTON,0.45656446498299186,False,0.032066666666651145
1760,51.0,0.17647058823529413,1.6610336906598295,0.42552815929834803,41,13,3,1,hamilton_37,acute_sal,HAMILTON,0.41706429292573766,False,0.024500000000017508
1767,45.0,0.16605166051660517,3.2260380136733198,0.8275351233563687,41,60,6,1,hamilton_37,acute_sal,HAMILTON,0.6106952808046044,True,0.029333333333227074
1769,50.0,0.18518518518518517,2.3123871729238594,0.7916585312473425,41,88,9,1,hamilton_37,acute_sal,HAMILTON,0.5685884369475117,True,0.024866666666667925
1772,63.0,0.21951219512195122,0.049112162310556574,0.9356250726210131,41,104,12,1,hamilton_37,acute_sal,HAMILTON,0.8959979624946883,False,0.012766666666720994
1774,46.0,0.16911764705882354,2.3529938769571688,0.4551448771320967,41,108,9,1,hamilton_37,acute_sal,HAMILTON,0.352497651192635,False,0.024466666666597803
1775,61.0,0.22846441947565543,1.0700415252020705,0.8938052342578143,41,109,13,1,hamilton_37,acute_sal,HAMILTON,0.6126653473201807,True,0.02243333333333908
1792,29.0,0.11740890688259109,1.8059008509948793,0.5465010953110833,41,208,20,1,hamilton_37,acute_sal,HAMILTON,0.4809040256649317,False,0.026999999999986812
1795,22.0,0.08870967741935484,2.445730809141348,0.7179539996342941,41,212,21,1,hamilton_37,acute_sal,HAMILTON,0.5809649441682232,False,0.025500000000192813
1800,22.0,0.08943089430894309,1.7751714533480505,0.5848629034437437,41,241,26,1,hamilton_37,acute_sal,HAMILTON,0.5393462207316094,False,0.030399999999985994
1810,44.0,0.16666666666666666,0.3860380579382855,1.0459373245237613,41,310,3,1,hamilton_37,acute_sal,HAMILTON,0.9458010011454346,False,0.024833333333333485
1811,41.0,0.15471698113207547,2.640807610274341,0.4906827152553581,41,312,16,1,hamilton_37,acute_sal,HAMILTON,0.36876184755438307,False,0.025566666666719584
1812,48.0,0.17647058823529413,2.135967506076441,0.45858289431677296,41,314,10,1,hamilton_37,acute_sal,HAMILTON,0.41215073162992927,False,0.02595000000000347
1813,53.0,0.20306513409961685,1.6967017414998986,0.3018248782444674,41,316,8,1,hamilton_37,acute_sal,HAMILTON,0.296093400004757,False,0.028833333333317057
1814,52.0,0.1897810218978102,1.874767626078397,0.3709841465933061,41,318,6,1,hamilton_37,acute_sal,HAMILTON,0.3297432914755785,False,0.026999999999816282
1815,43.0,0.1575091575091575,1.1457675408317556,0.4116820370205901,41,320,30,1,hamilton_37,acute_sal,HAMILTON,0.4077204254472709,False,0.038133333333348673
1816,48.0,0.17777777777777778,1.2963964632255855,0.6199068118811372,41,322,28,1,hamilton_37,acute_sal,HAMILTON,0.547450177811631,False,0.020866666666648825
1817,58.0,0.20567375886524822,1.2286271666294544,0.509391066264117,41,324,10,1,hamilton_37,acute_sal,HAMILTON,0.4490591328119229,False,0.02970000000000539
1818,25.0,0.10040160642570281,0.2002898239480799,0.6793336539709578,41,326,20,1,hamilton_37,acute_sal,HAMILTON,0.5204128173225847,False,0.025133333333343444
1819,28.0,0.112,1.4470253856194155,0.8878649359516826,41,328,20,1,hamilton_37,acute_sal,HAMILTON,0.7444629756520945,True,0.026633333333165865
1820,37.0,0.14624505928853754,1.2085981842346465,0.4117989861508903,41,330,4,1,hamilton_37,acute_sal,HAMILTON,0.40950208097815377,False,0.029216666666684432
1821,24.0,0.0967741935483871,1.5326287076355811,0.7738150181185478,41,332,17,1,hamilton_37,acute_sal,HAMILTON,0.6802526750767255,False,0.0289666666666335
1822,43.0,0.15867158671586715,1.2955733543600456,0.6109020926488969,41,334,10,1,hamilton_37,acute_sal,HAMILTON,0.5407078886586799,False,0.024866666666696347
1823,127.0,0.5545851528384279,1.0692184163365306,0.460849860564097,41,336,14,1,hamilton_37,acute_sal,HAMILTON,0.4443938780853885,False,0.013033333333282826
1824,126.0,0.5431034482758621,0.9756583752868111,0.4983038436414014,41,338,10,1,hamilton_37,acute_sal,HAMILTON,0.49678204796866354,False,0.010366666666683955
1825,58.0,0.2116788321167883,1.4376968184766283,0.5236311380248739,41,340,12,1,hamilton_37,acute_sal,HAMILTON,0.4593744197350677,False,0.02413333333333867
1826,58.0,0.20422535211267606,0.24967635588048315,0.6091221764471424,41,342,31,1,hamilton_37,acute_sal,HAMILTON,0.601241648019648,False,0.03573333333335427
1827,57.0,0.2602739726027397,0.2310192215949086,1.0097555672285423,41,346,32,1,hamilton_37,acute_sal,HAMILTON,0.919086859782903,False,0.02633333333324117
1828,53.0,0.20784313725490197,0.16626799083909097,1.038612637473081,41,348,16,1,hamilton_37,acute_sal,HAMILTON,0.9580615393109765,False,0.027050000000031105
1829,46.0,0.17037037037037037,0.1824557985280454,1.0201610748332612,41,354,26,1,hamilton_37,acute_sal,HAMILTON,0.9628861916730713,False,0.024099999999975807
1830,39.0,0.14285714285714285,0.03045502802498201,1.144730346683241,41,356,16,1,hamilton_37,acute_sal,HAMILTON,1.0934071892268653,False,0.032850000000038904
1831,50.0,0.18115942028985507,0.09877306386480653,1.1387931024371831,41,358,5,1,hamilton_37,acute_sal,HAMILTON,0.9953696351584153,True,0.019900000000021123
1832,59.0,0.20557491289198607,0.8546613720524231,0.4577702979212184,41,369,32,1,hamilton_37,acute_sal,HAMILTON,0.44180091502986524,False,0.0260333333333449
1833,16.0,0.06611570247933884,0.40661577957678685,0.8324693239766884,41,370,20,1,hamilton_37,acute_sal,HAMILTON,0.78250501091736,False,0.024733333333188057
1834,39.0,0.13978494623655913,0.31772002209846095,1.0124174448363392,41,372,16,1,hamilton_37,acute_sal,HAMILTON,0.9468494788089837,False,0.02056666666672413
1835,22.0,0.09016393442622951,4.160266576061281,0.44412263511254974,41,374,24,1,hamilton_37,acute_sal,HAMILTON,0.38514969460698734,False,0.03920000000016444
1836,43.0,0.16226415094339622,0.14898270466274982,1.0005248597759235,41,376,1,1,hamilton_37,acute_sal,HAMILTON,0.9426058222660062,False,0.030566666666800302
1837,56.0,0.19047619047619047,0.3950922554592261,1.0428515021778848,41,377,3,1,hamilton_37,acute_sal,HAMILTON,0.915349709395609,False,0.02200000000016189
1839,27.0,0.1067193675889328,5.2308568405070455,0.5633202244459828,42,17,3,1,hamilton_35,acute_sal,HAMILTON,0.35852072378490557,True,0.0361333333333036
1841,71.0,0.27413127413127414,1.7620017114994095,0.4537829546494757,42,19,2,1,hamilton_35,acute_sal,HAMILTON,0.4130843173398672,False,0.024033333333292717
1842,99.0,0.4604651162790698,0.19782049735145973,1.0461219965847037,42,30,3,1,hamilton_35,acute_sal,HAMILTON,1.0097456245467378,False,0.03676666666666506
1843,45.0,0.16853932584269662,3.533606359763453,0.3681917623081579,42,31,4,1,hamilton_35,acute_sal,HAMILTON,0.3452817541212877,False,0.04174999999995066
1844,16.0,0.06557377049180328,1.0014491197403994,0.5194100992448468,42,32,5,1,hamilton_35,acute_sal,HAMILTON,0.6038961161130505,True,0.024233333333427254
1846,67.0,0.23183391003460208,2.294278777881978,0.32700280233239676,42,51,6,1,hamilton_35,acute_sal,HAMILTON,0.27130349980262886,False,0.019166666666706078
1847,30.0,0.11811023622047244,3.3950497007308775,0.4850988637414372,42,53,6,1,hamilton_35,acute_sal,HAMILTON,0.4514524636882683,True,0.039616666666660194
1848,49.0,0.17689530685920576,0.03484494197452897,0.9163927043061489,42,55,6,1,hamilton_35,acute_sal,HAMILTON,0.7375716029511523,True,0.030416666666667425
1850,47.0,0.17472118959107807,1.082936897428865,0.474948705608101,42,72,8,1,hamilton_35,acute_sal,HAMILTON,0.4581621912996568,False,0.020199999999931606
1854,55.0,0.19572953736654805,1.2706057187719972,0.31250384992287533,42,81,9,1,hamilton_35,acute_sal,HAMILTON,0.3110014525511871,False,0.028233333333446353
1856,59.0,0.21454545454545454,0.9775789626397379,0.4980687374702229,42,93,10,1,hamilton_35,acute_sal,HAMILTON,0.4905855455285756,False,0.026433333333329756
1857,24.0,0.09448818897637795,0.17888899344403847,1.0464082144162707,42,94,10,1,hamilton_35,acute_sal,HAMILTON,0.9457655392626336,True,0.029916666666679248
1858,51.0,0.17525773195876287,3.651310927535681,0.24798043913216758,42,98,12,1,hamilton_35,acute_sal,HAMILTON,0.19614913636688544,False,0.02533333333332166
1860,49.0,0.1781818181818182,0.8955424457075791,0.383484680605918,42,101,12,1,hamilton_35,acute_sal,HAMILTON,0.37830813945820346,False,0.023050000000012005
1861,13.0,0.05394190871369295,1.3948951574685453,0.7043121447540327,42,102,12,1,hamilton_35,acute_sal,HAMILTON,0.6844541846776812,False,0.04115000000001601
1864,14.0,0.05785123966942149,1.3109380531834598,0.5197426910446127,42,110,14,1,hamilton_35,acute_sal,HAMILTON,0.6323419141399224,True,0.024766666666664605
1865,56.0,0.2014388489208633,0.6184291276424275,0.5292092955221486,42,114,14,1,hamilton_35,acute_sal,HAMILTON,0.5243598636647272,False,0.02758333333335372
1866,18.0,0.07317073170731707,0.6812597710453183,0.4973941581614587,42,116,12,1,hamilton_35,acute_sal,HAMILTON,0.506278262047569,True,0.037566666666634774
1867,55.0,0.19855595667870035,1.5910694370889251,0.1986005084892826,42,117,14,1,hamilton_35,acute_sal,HAMILTON,0.1925946309081626,False,0.030849999999873035
1868,38.0,0.14960629921259844,0.5424287423908958,0.775488035665559,42,119,13,1,hamilton_35,acute_sal,HAMILTON,0.7555611693488256,False,0.027933333333342247
1869,54.0,0.19148936170212766,1.2788368074273977,0.31484733276304505,42,124,15,1,hamilton_35,acute_sal,HAMILTON,0.31484733276304505,False,
1871,36.0,0.13953488372093023,3.466934541654709,0.8825625471071131,42,127,14,1,hamilton_35,acute_sal,HAMILTON,0.498211939911289,True,0.023633333333350492
1872,125.0,0.5458515283842795,1.600672373853559,0.2884429709174878,42,128,14,1,hamilton_35,acute_sal,HAMILTON,0.28638501752899853,False,0.019766666666669153
1873,23.0,0.0954356846473029,0.5866022515082121,0.7849749640477776,42,129,16,1,hamilton_35,acute_sal,HAMILTON,0.6035848835154073,True,0.004966666666746278
1874,51.0,0.18149466192170818,0.11825330701592114,0.9435382270229904,42,138,14,1,hamilton_35,acute_sal,HAMILTON,0.9158381536405392,False,0.038766666666617766
1875,35.0,0.13513513513513514,2.3911312543938577,0.9756808880036297,42,143,16,1,hamilton_35,acute_sal,HAMILTON,0.6456250188780551,True,0.023966666666638048
1878,30.0,0.11627906976744186,5.696462088780869,0.9808615204591722,42,155,16,1,hamilton_35,acute_sal,HAMILTON,0.4751045277872909,True,0.0216333333332841
1879,20.0,0.08130081300813008,0.4889266661307923,0.9416082937816582,42,157,17,1,hamilton_35,acute_sal,HAMILTON,0.87224575023748,False,0.021333333333359406
1881,21.0,0.08433734939759036,2.125541460446267,0.329684950874641,42,160,18,1,hamilton_35,acute_sal,HAMILTON,0.3286241561461672,False,0.03734999999997157
1882,18.0,0.07258064516129033,1.107904533016913,0.6280098900120769,42,162,16,1,hamilton_35,acute_sal,HAMILTON,0.6140182814913412,False,0.028416666666629453
1883,32.0,0.11851851851851852,4.032410332280726,0.42468614462576165,42,167,21,1,hamilton_35,acute_sal,HAMILTON,0.3488455612805985,False,0.03820000000001755
1884,9.0,0.03734439834024896,0.9718172005809574,0.5972365673189908,42,171,20,1,hamilton_35,acute_sal,HAMILTON,0.6193361800497542,True,0.026833333333343035
1885,25.0,0.10204081632653061,3.099827987623845,0.5610601101809913,42,177,21,1,hamilton_35,acute_sal,HAMILTON,0.4162323821070859,True,0.0341000000000804
1887,17.0,0.06938775510204082,0.4178649340725009,0.9301902701680536,42,184,22,1,hamilton_35,acute_sal,HAMILTON,0.8421054122397263,False,0.028733333333320843
1888,34.0,0.1440677966101695,0.027711331806515162,1.018321267695115,42,186,22,1,hamilton_35,acute_sal,HAMILTON,0.9058526189576828,True,0.02596666666670444
1889,29.0,0.11372549019607843,0.11386339306637418,0.9107886019666654,42,195,24,1,hamilton_35,acute_sal,HAMILTON,0.8374305864443522,True,0.03645000000000209
1890,26.0,0.10236220472440945,4.461524420848941,0.42466175148554786,42,198,26,1,hamilton_35,acute_sal,HAMILTON,0.35354249692710343,True,0.0405333333333715
1893,11.0,0.04564315352697095,0.8222857566745143,0.42316208601626365,42,203,28,1,hamilton_35,acute_sal,HAMILTON,0.3907399987794305,True,0.04139999999995325
1894,14.0,0.05785123966942149,0.792105098271379,0.6235600531190201,42,210,29,1,hamilton_35,acute_sal,HAMILTON,0.5436332946300056,True,0.031533333333300106
1895,9.0,0.03734439834024896,1.3441367774269086,0.917263046066705,42,211,29,1,hamilton_35,acute_sal,HAMILTON,0.7962642330299372,True,0.03314999999997781
1896,15.0,0.06172839506172839,3.126441840942973,0.4335723435522286,42,225,32,1,hamilton_35,acute_sal,HAMILTON,0.40782710647455905,False,0.04200000000008686
1897,14.0,0.05785123966942149,7.83078337712623,0.5218331147888126,42,226,31,1,hamilton_35,acute_sal,HAMILTON,0.31843036884465814,True,0.030166666666616493
1899,15.0,0.06172839506172839,0.3462544627705162,0.9632239988696263,42,231,32,1,hamilton_35,acute_sal,HAMILTON,0.752291209248361,True,0.024400000000014188
1900,19.0,0.07692307692307693,0.05953820794073059,1.2304627006016677,42,234,32,1,hamilton_35,acute_sal,HAMILTON,0.9371602938321899,True,0.0032333333332985603
1902,44.0,0.16296296296296298,0.9965104665471591,0.5756530487110938,42,240,8,1,hamilton_35,acute_sal,HAMILTON,0.5468531445380027,False,0.0261000000000422
1903,49.0,0.1781818181818182,1.3825485244854445,0.4320596119843032,42,241,9,1,hamilton_35,acute_sal,HAMILTON,0.3934455930998562,False,0.0216333333332841
1904,15.0,0.061224489795918366,1.7592580152809427,0.6152467623672758,42,242,10,1,hamilton_35,acute_sal,HAMILTON,0.6617305770564855,True,0.03398333333336723
1906,55.0,0.19298245614035087,1.1564679560837763,0.36637488475278124,42,249,9,1,hamilton_35,acute_sal,HAMILTON,0.35202304912100807,False,0.0181999999999789
1908,19.0,0.07755102040816327,10.690812315256073,0.3554625737270593,42,252,6,1,hamilton_35,acute_sal,HAMILTON,0.2457009907969284,True,0.03036666666673682
1909,12.0,0.049586776859504134,3.1840594615307767,0.7114120557444843,42,253,9,1,hamilton_35,acute_sal,HAMILTON,0.5932744444963669,True,0.026733333333368137
1910,62.0,0.2152777777777778,0.5427031120127425,0.45964140886542765,42,254,16,1,hamilton_35,acute_sal,HAMILTON,0.44069692414642064,False,0.027833333333319388
1911,63.0,0.23247232472324722,0.95919619797601,0.9599061065869459,43,1,4,1,hamilton_36,acute_cit,HAMILTON,0.7925893791912312,True,0.02393333333336045
1914,44.0,0.16541353383458646,3.6935638493000704,0.6679926066266465,43,17,5,1,hamilton_36,acute_cit,HAMILTON,0.4422771002865941,True,0.02338333333329956
1917,59.0,0.21454545454545454,1.6215244651139071,0.6184493784670089,43,26,8,1,hamilton_36,acute_cit,HAMILTON,0.5202497181929244,False,0.022866666666686797
1919,61.0,0.21554770318021202,3.8858969542145965,0.9774468151735175,43,64,9,1,hamilton_36,acute_cit,HAMILTON,0.6110166798711598,True,0.023133333333362316
1921,71.0,0.24398625429553264,0.3764351211736515,0.7078444309820844,43,72,10,1,hamilton_36,acute_cit,HAMILTON,0.6873119257077194,False,0.021466666666583478
1924,50.0,0.18518518518518517,3.4178223793441522,0.8850843864066121,43,83,13,1,hamilton_36,acute_cit,HAMILTON,0.5332001886038467,True,0.02406666666666979
1928,53.0,0.19557195571955718,1.6100009409963463,0.35182388582231716,43,89,12,1,hamilton_36,acute_cit,HAMILTON,0.33788884118491763,False,0.024416666666638775
1929,45.0,0.16853932584269662,3.356912323294188,0.3134472457426522,43,90,14,1,hamilton_36,acute_cit,HAMILTON,0.3024899215175227,False,0.02746666666666897
1930,45.0,0.16853932584269662,1.5704917154504237,0.5019954741565633,43,104,14,1,hamilton_36,acute_cit,HAMILTON,0.40181576431177113,False,0.02566666666666606
1931,88.0,0.3548387096774194,1.828673529608154,0.7195500719584655,43,108,12,1,hamilton_36,acute_cit,HAMILTON,0.5344426042263383,False,0.02515000000003198
1934,47.0,0.17343173431734318,1.9406163353216015,0.8201869537352561,43,116,16,1,hamilton_36,acute_cit,HAMILTON,0.5845307278827931,True,0.023799999999937427
1938,47.0,0.1649122807017544,0.8933474887328057,0.6047803239682076,43,198,26,1,hamilton_36,acute_cit,HAMILTON,0.5488723644942418,False,0.02769999999986794
1940,21.0,0.08433734939759036,6.100059802517342,0.25220739543812387,43,204,25,1,hamilton_36,acute_cit,HAMILTON,0.1964012723751285,False,0.04259999999999309
1942,24.0,0.09230769230769231,0.3566805084006902,0.8155522513171795,43,226,26,1,hamilton_36,acute_cit,HAMILTON,0.8155522513171795,False,
1945,48.0,0.17647058823529413,0.80774416671664,0.8828261671691212,43,247,25,1,hamilton_36,acute_cit,HAMILTON,0.7630423543230886,False,0.02393333333333203
1946,26.0,0.10483870967741936,4.2439493107245205,0.881453973554372,43,251,22,1,hamilton_36,acute_cit,HAMILTON,0.5211982561246604,True,0.02576666666664096
1947,32.0,0.12598425196850394,0.3009834751658132,0.6269046216305654,43,252,27,1,hamilton_36,acute_cit,HAMILTON,0.5974805868883415,False,0.01353333333338469
1949,35.0,0.14644351464435146,2.6462950027112746,1.0031267734923952,43,269,29,1,hamilton_36,acute_cit,HAMILTON,0.6823332321694049,True,0.017949999999927968
1950,34.0,0.14655172413793102,3.8318461387107994,0.917405263929631,43,270,32,1,hamilton_36,acute_cit,HAMILTON,0.5950665850374618,True,0.024900000000002365
1951,20.0,0.08196721311475409,2.936852432246914,1.1018086384414763,43,271,32,1,hamilton_36,acute_cit,HAMILTON,0.6173880295988684,True,0.010833333333266637
1952,24.0,0.096,3.4090425514450584,0.9659561187812566,43,273,31,1,hamilton_36,acute_cit,HAMILTON,0.6247045067531077,True,0.0227666666667119
1956,22.0,0.09090909090909091,2.9467297386333944,0.8956656653184926,43,279,32,1,hamilton_36,acute_cit,HAMILTON,0.6543442511198663,True,0.02176666666662186
1959,21.0,0.08571428571428572,7.654638079900659,0.9043065838058725,43,288,17,1,hamilton_36,acute_cit,HAMILTON,0.39520353808717057,True,0.021466666666810852
1960,59.0,0.20848056537102475,3.3879160905628636,0.8073681423027204,43,290,16,1,hamilton_36,acute_cit,HAMILTON,0.4945694161219807,True,0.02386666666666315
1961,25.0,0.09881422924901186,1.4643106717957566,0.728391265712835,44,1,2,1,hamilton_32,acute_sal,HAMILTON,0.6685969343677111,False,0.024983333333324254
1962,57.0,0.2626728110599078,3.839528488122507,0.9495150652986313,44,21,6,1,hamilton_32,acute_sal,HAMILTON,0.6136524746149574,True,0.024766666666664605
1963,41.0,0.15355805243445692,0.1369104413014957,1.0406012209731574,44,74,9,1,hamilton_32,acute_sal,HAMILTON,0.9949204357752025,False,0.03656666666665842
1966,31.0,0.12350597609561753,2.6986996004839914,0.46247517857271264,44,117,16,1,hamilton_32,acute_sal,HAMILTON,0.4100677569728769,False,0.02420000000000755
1968,33.0,0.12941176470588237,2.550540004686782,0.5952749416593246,44,140,17,1,hamilton_32,acute_sal,HAMILTON,0.3920079089971811,True,0.024033333333136397
1969,32.0,0.125,0.7391517612549688,0.7009468060229208,44,141,17,1,hamilton_32,acute_sal,HAMILTON,0.6234675757867278,False,0.0238166666666757
1970,35.0,0.13618677042801555,1.1989952474700125,0.9464895174473396,44,145,17,1,hamilton_32,acute_sal,HAMILTON,0.671064894063453,True,0.02420000000000755
1973,48.0,0.183206106870229,0.4472224836100962,1.0062111531450832,44,166,18,1,hamilton_32,acute_sal,HAMILTON,0.9037210481788066,False,0.026466666666692618
1974,80.0,0.38461538461538464,3.313836292664259,0.6689028804724465,44,188,23,1,hamilton_32,acute_sal,HAMILTON,0.5357577306098977,True,0.03243333333330156
1975,133.0,0.525691699604743,0.009328567142787283,1.0159526889569097,44,190,23,1,hamilton_32,acute_sal,HAMILTON,0.952400393571267,False,0.00013333333345144638
1978,51.0,0.18149466192170818,1.208872553856493,0.302179681813752,44,205,24,1,hamilton_32,acute_sal,HAMILTON,0.302179681813752,False,
1980,86.0,0.30935251798561153,0.9471239346147559,0.5434956198545928,44,207,25,1,hamilton_32,acute_sal,HAMILTON,0.5015344079460664,False,0.020666666666670608
1982,31.0,0.12062256809338522,3.43702825287342,0.1389352585482639,44,232,26,1,hamilton_32,acute_sal,HAMILTON,0.12714071463358237,False,0.027599999999949887
1983,14.0,0.05785123966942149,3.1014742053549247,0.5341659398065461,44,242,27,1,hamilton_32,acute_sal,HAMILTON,0.5545134665265046,True,0.040233333333389965
1984,58.0,0.20567375886524822,1.3257540127631808,0.30321619595525134,44,243,27,1,hamilton_32,acute_sal,HAMILTON,0.2980670309979,False,0.03558333333342034
1985,62.0,0.2152777777777778,0.778935356422738,0.7732770978845188,44,244,30,1,hamilton_32,acute_sal,HAMILTON,0.7003189361244555,False,0.022866666666800484
1987,30.0,0.11363636363636363,0.8316143238173016,0.5770242110150937,44,248,31,1,hamilton_32,acute_sal,HAMILTON,0.5081348819718964,False,0.023016666666649144
1988,62.0,0.2052980132450331,0.18602260361205228,1.0624830904229918,44,249,27,1,hamilton_32,acute_sal,HAMILTON,1.0251212998030759,False,0.02229999999985921
1989,49.0,0.18773946360153257,0.2886368421827124,1.025416151809617,44,254,28,1,hamilton_32,acute_sal,HAMILTON,0.9748874755881975,False,0.023133333333333894
1990,111.0,0.3024523160762943,0.0016462177310801087,0.8538163010883141,44,259,32,1,hamilton_32,acute_sal,HAMILTON,0.8538163010883141,False,
1991,34.0,0.12686567164179105,0.2812288623928519,0.9980546383853934,44,262,28,1,hamilton_32,acute_sal,HAMILTON,0.9569285508530703,False,0.027800000000070213
1992,61.0,0.20819112627986347,0.9649579600347904,0.4598425131682072,44,265,30,1,hamilton_32,acute_sal,HAMILTON,0.4598425131682072,False,
1993,123.0,0.5061728395061729,0.006036131680627065,1.2981156992699598,44,267,14,1,hamilton_32,acute_sal,HAMILTON,1.108755451221558,False,0.004350000000044929
1995,46.0,0.1619718309859155,2.1746536227568236,0.7010291739560082,44,275,31,1,hamilton_32,acute_sal,HAMILTON,0.6207775664114892,False,0.02446666666673991
1997,88.0,0.34375,2.2366611572941744,0.8735006102997219,44,295,24,1,hamilton_32,acute_sal,HAMILTON,0.6044197376854606,True,0.024600000000020827
1998,37.0,0.13857677902621723,3.9511969242141074,0.8675149522510773,44,297,18,1,hamilton_32,acute_sal,HAMILTON,0.49842187812704736,True,0.024383333333332757
1999,53.0,0.19133574007220217,1.018185666673047,0.5910133531878434,44,299,29,1,hamilton_32,acute_sal,HAMILTON,0.527111044657617,False,0.02433333333333554
2000,37.0,0.13962264150943396,0.15419572747783686,0.9106122426446144,44,300,11,1,hamilton_32,acute_sal,HAMILTON,0.907906858595096,False,0.04033333333330802
2001,38.0,0.14393939393939395,0.6033387984408598,0.7403259443046757,44,301,17,1,hamilton_32,acute_sal,HAMILTON,0.6519594510228424,False,0.025166666666677884
2002,80.0,0.3389830508474576,15.47526978101856,0.5949856458012015,44,302,32,1,hamilton_32,acute_sal,HAMILTON,0.27106489961509994,True,0.02573333333333494
2003,34.0,0.13076923076923078,0.6508047430203363,0.46603218827813536,44,303,17,1,hamilton_32,acute_sal,HAMILTON,0.41264005597955067,False,0.01856666666685669
2291,47.0,0.1709090909090909,7.2636613687691325,0.5235460076460193,50,4,6,1,acute_15,acute_saline,CITWAY,0.3894475902989268,True,0.031150000000025102
2293,111.0,0.4567901234567901,4.299920713581244,0.589241052642715,50,6,5,1,acute_15,acute_saline,CITWAY,0.4267176561706164,False,0.025116666666690435
2296,69.0,0.26037735849056604,2.4322866976708606,0.7214535343260357,50,10,4,1,acute_15,acute_saline,CITWAY,0.6523637995543954,False,0.03368333333349938
2298,58.0,0.2248062015503876,3.272955219009103,0.7026914358233783,50,12,10,1,acute_15,acute_saline,CITWAY,0.6245467354953962,False,0.03263333333325136
2299,47.0,0.1760299625468165,3.9553124685418077,0.270068932060437,50,13,10,1,acute_15,acute_saline,CITWAY,0.2643957455478281,False,0.014916666666636047
2301,88.0,0.3548387096774194,4.403083691395597,0.38101451824377675,50,15,10,1,acute_15,acute_saline,CITWAY,0.3389910794680795,False,0.011566666666567471
2304,23.0,0.08812260536398467,1.5682967584756502,0.57969833977478,50,20,9,1,acute_15,acute_saline,CITWAY,0.5597221590728995,True,0.04226666666681922
2305,23.0,0.08812260536398467,3.254298084723528,0.48759620514074925,50,21,11,1,acute_15,acute_saline,CITWAY,0.4370415318952974,False,0.04026666666686651
2306,23.0,0.09465020576131687,11.534773272056475,0.5039198547285845,50,22,14,1,acute_15,acute_saline,CITWAY,0.4415552575188982,True,0.0317333333332499
2309,55.0,0.2,3.7050873734176313,0.42291297424539337,50,25,14,1,acute_15,acute_saline,CITWAY,0.3515931230743854,False,0.026866666666819583
2316,28.0,0.11290322580645161,1.957627251876096,0.5844052452992745,50,32,13,1,acute_15,acute_saline,CITWAY,0.5471153132954295,False,0.0408666666667159
2324,52.0,0.18840579710144928,3.2227455782111596,0.5427683812762679,50,41,19,1,acute_15,acute_saline,CITWAY,0.5235898832467116,False,0.03524999999990541
2328,41.0,0.1659919028340081,12.01437137104448,0.6261751651632668,50,45,20,1,acute_15,acute_saline,CITWAY,0.40968761810887006,True,0.03510000000005675
2329,18.0,0.07317073170731707,6.561549506463466,0.47660746641470597,50,46,20,1,acute_15,acute_saline,CITWAY,0.4032541886345139,True,0.03906666666671299
2334,111.0,0.4605809128630705,2.898440685188378,0.3790538548042355,50,51,23,1,acute_15,acute_saline,CITWAY,0.36517877430337775,False,0.024900000000343425
2335,21.0,0.08502024291497975,4.38552403559741,0.4917321879393812,50,52,25,1,acute_15,acute_saline,CITWAY,0.44744770437188247,True,0.04151666666678011
2337,123.0,0.5466666666666666,2.653154243257442,0.49378062258381733,50,54,24,1,acute_15,acute_saline,CITWAY,0.4920940143279812,False,0.035866666666834135
2338,48.0,0.17777777777777778,4.4864920564369895,0.28559097531600086,50,55,24,1,acute_15,acute_saline,CITWAY,0.2844502007424117,False,0.03141666666670062
2339,22.0,0.09016393442622951,2.9840440072045435,0.4989761762226588,50,56,25,1,acute_15,acute_saline,CITWAY,0.4810989482466024,True,0.04070000000001528
2340,66.0,0.22916666666666666,5.511262594034357,0.30272673141520223,50,57,25,1,acute_15,acute_saline,CITWAY,0.29995077733581926,False,0.04373333333342089
2344,27.0,0.10931174089068826,7.775909452756893,0.713593575666009,50,61,27,1,acute_15,acute_saline,CITWAY,0.5087199148813195,True,0.031566666666776655
2347,20.0,0.08196721311475409,4.810248210216077,0.7109486647606921,50,64,29,1,acute_15,acute_saline,CITWAY,0.6042275260393007,True,0.03499999999985448
2348,22.0,0.08943089430894309,4.288122819841837,0.719819582605876,50,65,29,1,acute_15,acute_saline,CITWAY,0.5551666586484053,True,0.027766666666593665
2350,26.0,0.10483870967741936,12.37928296810057,0.31230509702950876,50,67,28,1,acute_15,acute_saline,CITWAY,0.24207880595267703,True,0.04193333333341798
2352,21.0,0.08571428571428572,7.315791596920003,0.704849820996284,50,69,29,1,acute_15,acute_saline,CITWAY,0.5144601475412057,True,0.02826666666658184
2353,26.0,0.10483870967741936,7.366275607339793,0.5266885010890509,50,70,29,1,acute_15,acute_saline,CITWAY,0.4591146460743631,True,0.03966666666656238
2354,64.0,0.22695035460992907,4.778970073325556,0.23004853751493592,50,71,31,1,acute_15,acute_saline,CITWAY,0.22546718329381646,False,0.024399999999985766
2359,48.0,0.18045112781954886,3.368435847411749,0.23316538358207453,50,76,32,1,acute_15,acute_saline,CITWAY,0.23299406293595518,False,0.03956666666658748
2360,29.0,0.11646586345381527,1.1542729991090028,1.0189615677417683,50,77,32,1,acute_15,acute_saline,CITWAY,0.9961166175892987,True,0.03186666666670135
2361,54.0,0.2125984251968504,2.4438102217884214,0.7410282625710086,50,78,32,1,acute_15,acute_saline,CITWAY,0.6317949274782348,False,0.02483333333293558
2362,43.0,0.17408906882591094,6.467989465413747,0.7581303983833174,50,79,32,1,acute_15,acute_saline,CITWAY,0.5714309719870443,True,0.032766666666702804
2406,29.0,0.11553784860557768,3.9616229698442815,0.3196764200201857,52,2,9,1,acute_16,acute_saline,CITWAY,0.26984313870227844,False,0.022533333333285555
2407,24.0,0.09523809523809523,0.227178046889055,0.9731120233233485,52,5,8,1,acute_16,acute_saline,CITWAY,0.963040390322625,False,0.03776666666664141
2408,78.0,0.32231404958677684,9.10523027060408,0.807905162908732,52,6,10,1,acute_16,acute_saline,CITWAY,0.4408313494273846,True,0.022566666666619994
2410,57.0,0.21509433962264152,5.6780793241171414,0.7209363368190725,52,8,10,1,acute_16,acute_saline,CITWAY,0.5452497996389423,True,0.030299999999954252
2411,44.0,0.16176470588235295,3.655700841485228,0.2635806429682999,52,10,14,1,acute_16,acute_saline,CITWAY,0.2630306338788938,False,0.013316666666639776
2412,46.0,0.1619718309859155,0.7723504854984177,0.9192877380524361,52,11,11,1,acute_16,acute_saline,CITWAY,0.7968215121576998,False,0.027749999999912234
2413,17.0,0.06882591093117409,1.5735097812907373,0.79197151215214,52,12,14,1,acute_16,acute_saline,CITWAY,0.6890472616484814,False,0.026233333333266273
2414,54.0,0.18493150684931506,0.9943155095723857,0.7514752603758382,52,13,13,1,acute_16,acute_saline,CITWAY,0.6525185923733317,False,0.025766666666868332
2415,15.0,0.06172839506172839,11.15120454071481,0.5037480537176263,52,14,15,1,acute_16,acute_saline,CITWAY,0.4111172742653724,True,0.0353666666665049
2418,41.0,0.15471698113207547,3.1966804641357243,0.6772910546489376,52,17,14,1,acute_16,acute_saline,CITWAY,0.5592705588964649,False,0.02623333333337996
2420,37.0,0.15611814345991562,8.378973881575906,0.5841708018792078,52,19,16,1,acute_16,acute_saline,CITWAY,0.49096068867730586,True,0.04148333333330356
2422,85.0,0.35864978902953587,8.542772545818377,0.46235594515253553,52,21,18,1,acute_16,acute_saline,CITWAY,0.3504987386026296,True,0.04030000000011569
2424,20.0,0.08130081300813008,24.791215921200898,0.31309838773292975,52,24,22,1,acute_16,acute_saline,CITWAY,0.1581476010304854,True,0.02743333333364717
2425,65.0,0.3051643192488263,0.2579074445358837,0.9791696541505575,52,25,18,1,acute_16,acute_saline,CITWAY,0.9431189368204542,False,0.006050000000016098
2428,31.0,0.12350597609561753,5.986745148694662,0.8733645890199406,52,30,31,1,acute_16,acute_saline,CITWAY,0.6453832049436399,True,0.029199999999946158
2429,40.0,0.16260162601626016,7.240888690155858,0.720895479350161,52,31,32,1,acute_16,acute_saline,CITWAY,0.5264274741643504,True,0.03313333333335322
2431,62.0,0.2605042016806723,6.587065881295208,0.3004788706564491,53,1,6,1,acute_01,acute_citalopram,CITWAY,0.29094419272187083,False,0.03733333333337896
2434,24.0,0.0975609756097561,9.140349582200457,0.6658826820992033,53,4,8,1,acute_01,acute_citalopram,CITWAY,0.44396700370089154,True,0.030649999999944555
2435,17.0,0.06995884773662552,2.335159851537134,0.7931535067149069,53,5,6,1,acute_01,acute_citalopram,CITWAY,0.7313870897018195,False,0.028983333333336248
2436,20.0,0.08130081300813008,4.49636936282347,0.5352535741075976,53,7,12,1,acute_01,acute_citalopram,CITWAY,0.4568451022135229,False,0.025099999999838474
2437,40.0,0.15151515151515152,2.0026238698589522,0.7459386158935809,53,9,14,1,acute_01,acute_citalopram,CITWAY,0.6943030492112736,False,0.022266666666382662
2440,21.0,0.08502024291497975,8.290626863341274,0.49648673389429543,53,14,16,1,acute_01,acute_citalopram,CITWAY,0.38953530879593706,False,0.02386666666666315
2445,42.0,0.15671641791044777,5.563941561428921,0.6688771175442981,53,21,21,1,acute_01,acute_citalopram,CITWAY,0.5892093928484637,False,0.03633333333333155
2447,33.0,0.15492957746478872,9.270400782955786,0.6814499751957032,53,23,23,1,acute_01,acute_citalopram,CITWAY,0.49221052360655104,True,0.033399999999801366
2448,67.0,0.2126984126984127,2.6462950027112746,0.872687869918493,53,24,23,1,acute_01,acute_citalopram,CITWAY,0.7453934200745251,True,0.015933333333315147
2450,39.0,0.16317991631799164,6.881738855158548,0.6123456436037512,53,26,22,1,acute_01,acute_citalopram,CITWAY,0.5236446119091386,False,0.03803333333326009
2451,32.0,0.125,1.3562090407881628,0.8787951590652587,53,27,26,1,acute_01,acute_citalopram,CITWAY,0.844619346363967,False,0.02868333333316997
2452,35.0,0.13513513513513514,4.624774345847719,0.7276234828658145,53,30,25,1,acute_01,acute_citalopram,CITWAY,0.37142794807793683,True,0.024766666666778292
2453,44.0,0.16793893129770993,5.929676267350551,0.23847023506948362,53,31,27,1,acute_01,acute_citalopram,CITWAY,0.23798706092630278,False,0.03629999999975553
2454,31.0,0.1297071129707113,10.133293243663609,0.33426569074995593,53,33,30,1,acute_01,acute_citalopram,CITWAY,0.2941517277525319,False,0.04276666666692108
2455,20.0,0.08064516129032258,9.343383102367003,0.45831082254852634,53,36,31,1,acute_01,acute_citalopram,CITWAY,0.37567148808679246,True,0.03490000000010696
2457,34.0,0.13709677419354838,3.9800057345080093,0.744775103548783,53,38,30,1,acute_01,acute_citalopram,CITWAY,0.6504386484121599,True,0.03150000000005093
2458,19.0,0.07692307692307693,0.2515969432334099,0.5646914354917482,53,39,32,1,acute_01,acute_citalopram,CITWAY,0.5479176097008422,False,0.03350000000000364
2459,39.0,0.1471698113207547,6.824669973814437,0.31127419013090646,53,40,14,1,acute_01,acute_citalopram,CITWAY,0.2458446457965277,False,0.025133333333315022
2460,40.0,0.15151515151515152,2.1477653998158486,0.7736474707177,53,41,14,1,acute_01,acute_citalopram,CITWAY,0.7046970366066327,False,0.02060000000005857
2461,41.0,0.14695340501792115,3.1077847066573985,0.7849560594259849,54,0,3,1,acute_14,acute_saline,CITWAY,0.6477590080240374,True,0.032533333333390146
2463,45.0,0.17110266159695817,3.2693884139250957,0.7428915412165326,54,2,5,1,acute_14,acute_saline,CITWAY,0.5955590056056246,True,0.03230000000007749
2464,34.0,0.13385826771653545,5.994701867728216,0.5257312330604419,54,5,9,1,acute_14,acute_saline,CITWAY,0.4550259068170839,True,0.03679999999997108
2465,62.0,0.2198581560283688,1.4020287676365593,0.6785099083106682,54,7,9,1,acute_14,acute_saline,CITWAY,0.6325567395182804,False,0.02443333333337705
2469,33.0,0.13043478260869565,0.7723504854984177,0.7902668573934096,54,31,16,1,acute_14,acute_saline,CITWAY,0.7902668573934096,False,
2472,39.0,0.14942528735632185,1.6352429462062412,0.8037846194932647,54,41,18,1,acute_14,acute_saline,CITWAY,0.61173052969358,True,0.01860000000033324
2475,28.0,0.11290322580645161,7.98305851725114,0.21680454179495687,54,44,20,1,acute_14,acute_saline,CITWAY,0.2120110635392015,False,0.044966666666681476
2476,40.0,0.14388489208633093,21.001622704254487,0.6824628002087263,54,46,21,1,acute_14,acute_saline,CITWAY,0.2958017361074506,True,0.028133333333471455
2478,47.0,0.17735849056603772,5.088184637146769,0.7627148713054188,54,48,23,1,acute_14,acute_saline,CITWAY,0.527100114942997,True,0.02039999999999509
2480,21.0,0.08433734939759036,3.3810568500166966,0.47912936195478556,54,51,25,1,acute_14,acute_saline,CITWAY,0.428973961793808,False,0.0328666666666777
2481,64.0,0.23357664233576642,5.419623140337564,0.30422280413944197,54,52,25,1,acute_14,acute_saline,CITWAY,0.2997658965369323,False,0.040683333333291216
2482,41.0,0.15953307392996108,13.500357242966125,0.6879270913745973,54,53,27,1,acute_14,acute_saline,CITWAY,0.3848453900740654,True,0.03136666666671317
2485,35.0,0.13725490196078433,13.976114167248276,0.4990457917416885,54,57,27,1,acute_14,acute_saline,CITWAY,0.308329293543435,True,0.03723333333323353
2487,54.0,0.2,2.1433754858663017,0.5012001060735526,54,60,28,1,acute_14,acute_saline,CITWAY,0.5005053793313095,False,0.01586666666662495
2489,71.0,0.2297734627831715,3.980280104129856,0.2416303063017431,54,62,30,1,acute_14,acute_saline,CITWAY,0.24069833957125125,False,0.033883333333335486
2493,50.0,0.1953125,3.0142246656076788,0.562244185142937,54,67,31,1,acute_14,acute_saline,CITWAY,0.5022297631241754,False,0.025599999999940337
2494,54.0,0.1956521739130435,0.7517727638599163,0.8471546818821826,54,69,32,1,acute_14,acute_saline,CITWAY,0.8449677512812855,False,0.003833333333432165
2496,59.0,0.19865319865319866,1.5715891939378104,0.7481550463740407,54,72,31,1,acute_14,acute_saline,CITWAY,0.7466313659330768,False,0.04063333333306218
2503,38.0,0.1532258064516129,0.47109264071075774,0.6874961484585105,54,79,9,1,acute_14,acute_saline,CITWAY,0.641811682180013,False,0.024866666666639503
2522,97.0,0.28955223880597014,0.6483354164237162,0.9413654162530668,56,0,7,1,acute_12,acute_saline,CITWAY,0.8127652398503954,True,0.0019666666667035315
2523,96.0,0.2874251497005988,0.5232228688616278,1.0844729166695644,56,1,7,1,acute_12,acute_saline,CITWAY,0.9379564623997729,True,0.0005333333333510382
2524,46.0,0.1678832116788321,1.603416070072026,0.46133949040016137,56,2,2,1,acute_12,acute_saline,CITWAY,0.4184224356517631,False,0.01723333333342225
2525,100.0,0.37593984962406013,1.2821292428895579,0.3648216918761644,56,3,24,1,acute_12,acute_saline,CITWAY,0.3626216618904687,False,0.005366666666759556
2526,44.0,0.16176470588235295,2.210596043218739,0.5682185584911194,56,4,2,1,acute_12,acute_saline,CITWAY,0.4835693539797591,False,0.023333333333312112
2527,47.0,0.17343173431734318,1.544152231753142,0.597030396343143,56,5,2,1,acute_12,acute_saline,CITWAY,0.5308865685654948,False,0.00796666666656165
2528,37.0,0.1417624521072797,1.5479934064589955,0.847344840959994,56,6,3,1,acute_12,acute_saline,CITWAY,0.7524828485065576,False,0.025733333333391784
2529,42.0,0.15789473684210525,0.9076147090688332,0.8219039639493239,56,7,6,1,acute_12,acute_saline,CITWAY,0.772706196678494,False,0.009100000000216824
2531,62.0,0.21830985915492956,2.7019920359461516,0.3305581353165708,56,9,8,1,acute_12,acute_saline,CITWAY,0.2817005553045342,False,0.01971666666645433
2533,57.0,0.1919191919191919,1.398736332174399,0.2869156892411885,56,12,6,1,acute_12,acute_saline,CITWAY,0.2701834865556997,False,0.0046833333333324845
2542,23.0,0.09236947791164658,2.6084319948964323,0.5885044050981516,56,25,13,1,acute_12,acute_saline,CITWAY,0.5720982301114292,False,0.033649999999965985
2544,33.0,0.13043478260869565,1.574607259778124,0.7717072489029838,56,27,14,1,acute_12,acute_saline,CITWAY,0.641595817144288,False,0.02179999999998472
2546,76.0,0.2585034013605442,0.09301130180602614,1.2007517511510821,56,30,7,1,acute_12,acute_saline,CITWAY,1.1211313509215695,True,0.008833333333086557
2548,118.0,0.49166666666666664,1.9751869076742836,0.42830060074627097,56,32,16,1,acute_12,acute_saline,CITWAY,0.4085752523903201,False,0.014566666666723904
2551,99.0,0.38823529411764707,1.5265925759549541,0.5317268790173337,56,35,15,1,acute_12,acute_saline,CITWAY,0.48294866161639227,False,0.030166666666445963
2555,35.0,0.13618677042801555,2.3719253808645897,0.4961864067825377,56,39,18,1,acute_12,acute_saline,CITWAY,0.4643942960544448,False,0.015599999999949432
2558,60.0,0.20833333333333334,1.1586629130585497,0.32462469656406034,56,42,18,1,acute_12,acute_saline,CITWAY,0.297132996405149,False,0.0004999999996471161
2559,27.0,0.10756972111553785,3.747065925560174,0.5493089120089135,56,43,22,1,acute_12,acute_saline,CITWAY,0.5124795623839816,False,0.03183333333356586
2560,67.0,0.2271186440677966,2.7873209883404706,0.6658025566807898,56,44,22,1,acute_12,acute_saline,CITWAY,0.5168054346865092,False,0.024666666666689707
2562,44.0,0.16417910447761194,4.9729493959711615,0.2811054714089571,56,47,23,1,acute_12,acute_saline,CITWAY,0.26430622765583056,False,0.025249999999914507
2563,71.0,0.24398625429553264,1.999331434396792,0.3222566748025336,56,48,21,1,acute_12,acute_saline,CITWAY,0.30830037677426797,False,0.0018999999997504347
2564,26.0,0.10655737704918032,2.6265403899383135,0.4075082555765421,56,49,20,1,acute_12,acute_saline,CITWAY,0.3926699703408746,False,0.028933333333725386
2566,76.0,0.2733812949640288,1.9343058340191277,0.7702246752442141,56,51,23,1,acute_12,acute_saline,CITWAY,0.6604839331230611,False,0.024200000000064392
2567,64.0,0.2206896551724138,2.3236363274195733,0.26412160953236774,56,52,22,1,acute_12,acute_saline,CITWAY,0.2561714031057939,False,0.00033333333340124227
2568,76.0,0.31666666666666665,0.7822277918848983,0.7697536526556628,56,53,7,1,acute_12,acute_saline,CITWAY,0.7135304132990042,False,0.028150000000096043
2569,43.0,0.16475095785440613,0.782502161506745,0.8072740878207004,56,54,23,1,acute_12,acute_saline,CITWAY,0.7221195618533129,False,0.03250000000025466
2570,28.0,0.11290322580645161,1.7331929012055078,0.8757953632156434,56,55,25,1,acute_12,acute_saline,CITWAY,0.7507688879106771,True,0.030166666666445963
2571,64.0,0.2222222222222222,1.229999014738688,0.3880722415301865,56,56,24,1,acute_12,acute_saline,CITWAY,0.3784419374946307,False,0.0038333333336595388
2573,113.0,0.4767932489451477,1.1614066092770166,0.4176033522618738,56,58,26,1,acute_12,acute_saline,CITWAY,0.4045306229565232,False,0.02226666666668109
2574,26.0,0.104,10.313279715595034,0.6864928715756684,56,59,26,1,acute_12,acute_saline,CITWAY,0.4879930081179829,True,0.03350000000000364
2575,53.0,0.19272727272727272,5.184214004793109,0.5277144023812228,56,60,26,1,acute_12,acute_saline,CITWAY,0.39119667762143906,False,0.025200000000040745
2577,41.0,0.18061674008810572,6.2227030234828105,0.5181339031933109,56,62,27,1,acute_12,acute_saline,CITWAY,0.4319507383621503,True,0.033100000000104046
2578,28.0,0.11023622047244094,6.520119693564617,0.4637631970052011,56,63,27,1,acute_12,acute_saline,CITWAY,0.3596654443503525,True,0.035600000000158616
2585,21.0,0.08502024291497975,0.5811148590712784,1.0296850320847786,56,76,32,1,acute_12,acute_saline,CITWAY,0.9030637943891267,False,0.01638333333312403
2586,16.0,0.06504065040650407,0.923528147135941,1.1819837412924585,56,79,32,1,acute_12,acute_saline,CITWAY,0.8225288252178743,True,0.008333333333212067
2587,29.0,0.11553784860557768,1.903576436372299,0.9590918494791527,56,80,32,1,acute_12,acute_saline,CITWAY,0.7547609564309857,True,0.021066666666683886
2588,41.0,0.16334661354581673,0.4941396889458793,1.0000300104231357,56,82,31,1,acute_12,acute_saline,CITWAY,0.9415407412567451,False,0.021416666666709716
2589,34.0,0.1328125,0.029083179915748585,1.1040551671924836,56,84,12,1,acute_12,acute_saline,CITWAY,1.0656713653419132,False,0.007500000000163709
2590,35.0,0.1320754716981132,1.8673596462885367,0.6391133253505805,56,85,32,1,acute_12,acute_saline,CITWAY,0.586381425996305,False,0.009833333333290284
2592,12.0,0.049586776859504134,6.102529129113963,0.638317692866039,57,1,3,1,acute_11,acute_saline,CITWAY,0.5068151863505453,True,0.0381833333333077
2593,49.0,0.18773946360153257,11.949894509910509,0.6097641388810696,57,2,2,1,acute_11,acute_saline,CITWAY,0.36252289026673284,True,0.029866666666649166
2594,23.0,0.09236947791164658,1.0511100212946494,0.6604342367517656,57,3,4,1,acute_11,acute_saline,CITWAY,0.6460393264802949,False,0.02833333333342125
2595,20.0,0.08196721311475409,0.75808326516239,0.7637441767695932,57,5,5,1,acute_11,acute_saline,CITWAY,0.7619522718790697,False,0.04629999999986012
2596,10.0,0.04132231404958678,14.077905296953396,0.10583809728283892,57,6,5,1,acute_11,acute_saline,CITWAY,0.09605214575089654,False,0.04719999999998947
2598,25.0,0.10040160642570281,4.276050556480582,0.31123158974325954,57,8,6,1,acute_11,acute_saline,CITWAY,0.30786146543067083,False,0.023833333333413975
2601,27.0,0.10588235294117647,1.1638759358736368,0.6669867558084576,57,17,5,1,acute_11,acute_saline,CITWAY,0.6455324093619396,False,0.0374333333334107
2603,24.0,0.09375,0.6826316191545517,0.8614854569713016,57,19,9,1,acute_11,acute_saline,CITWAY,0.8049318671486201,False,0.032433333333358405
2604,58.0,0.26126126126126126,5.384503828741189,0.4446197173528688,57,23,10,1,acute_11,acute_saline,CITWAY,0.4225399784974725,False,0.039866666666682704
2605,25.0,0.102880658436214,1.071413373311304,0.8814729891766346,57,24,8,1,acute_11,acute_saline,CITWAY,0.7343050018458842,True,0.028233333333332666
2606,41.0,0.17012448132780084,2.553832440148942,0.8835237725747858,57,26,9,1,acute_11,acute_saline,CITWAY,0.7698784708798474,False,0.02750000000000341
2607,26.0,0.104,7.966321970318493,0.48023645435513146,57,27,11,1,acute_11,acute_saline,CITWAY,0.3961257630586451,False,0.03503333333333458
2608,36.0,0.140625,0.7210433662130876,0.9073216615462916,57,28,12,1,acute_11,acute_saline,CITWAY,0.8097536274356224,False,0.024533333333351948
2609,20.0,0.08130081300813008,8.988348811697394,0.6406007519993525,57,29,15,1,acute_11,acute_saline,CITWAY,0.5258271868290858,True,0.03483333333315386
2610,18.0,0.07317073170731707,44.01684406324179,0.22164694285360748,57,31,15,1,acute_11,acute_saline,CITWAY,0.16113599896618808,True,0.021100000000018326
2611,20.0,0.08130081300813008,15.56389116887504,0.45712324658789544,57,32,15,1,acute_11,acute_saline,CITWAY,0.39390168216288113,True,0.03830000000016298
2612,44.0,0.15602836879432624,0.5687682260881776,0.6956595792252778,57,33,15,1,acute_11,acute_saline,CITWAY,0.6926173272865572,False,0.008100000000013097
2613,30.0,0.12,24.637294563344906,0.23169626298218118,57,35,16,1,acute_11,acute_saline,CITWAY,0.17255898215477558,True,0.037816666666685705
2616,15.0,0.061224489795918366,9.141172691065997,0.6126973344914082,57,38,17,1,acute_11,acute_saline,CITWAY,0.5259024917068427,True,0.037566666666634774
2617,65.0,0.2653061224489796,0.24528644193093618,0.9390869766244734,57,41,18,1,acute_11,acute_saline,CITWAY,0.915530380845484,False,0.00751666666667461
2618,14.0,0.05555555555555555,1.7910848914151583,0.6064700860175392,57,42,18,1,acute_11,acute_saline,CITWAY,0.5889122212365808,False,0.000333333333330188
2619,36.0,0.1323529411764706,1.4215090107876738,0.7087484932391327,57,43,18,1,acute_11,acute_saline,CITWAY,0.6808047146866668,False,0.00039999999999906777
2620,20.0,0.08130081300813008,0.7065017762552133,0.957296848861635,57,44,18,1,acute_11,acute_saline,CITWAY,0.9506954980229694,False,0.0002000000000066393
2621,120.0,0.3448275862068966,0.8063723186074065,0.8983477718861211,57,45,18,1,acute_11,acute_saline,CITWAY,0.9167779432310937,True,0.03783333333331029
2622,18.0,0.075,1.3076456177212996,0.5315596914582411,57,46,18,1,acute_11,acute_saline,CITWAY,0.5136150133769438,False,0.04136666666659039
2623,20.0,0.08196721311475409,15.221752250432225,0.23527567476020586,57,47,23,1,acute_11,acute_saline,CITWAY,0.19522654997098998,True,0.04266666666666197
2624,19.0,0.07630522088353414,5.157051412230287,0.2524529066709003,57,48,23,1,acute_11,acute_saline,CITWAY,0.2098463539117964,True,0.042533333333267365
2625,12.0,0.04918032786885246,5.379839545169795,0.6626165035163994,57,50,26,1,acute_11,acute_saline,CITWAY,0.6058753107878198,True,0.030700000000024374
2626,24.0,0.0967741935483871,2.4010085607803386,0.636708933347311,57,51,26,1,acute_11,acute_saline,CITWAY,0.6188999291488538,False,0.038000000000010914
2627,8.0,0.03333333333333333,0.9163945369679272,1.0320215904685903,57,52,18,1,acute_11,acute_saline,CITWAY,1.022508028697089,False,0.0328666666666777
2628,19.0,0.07818930041152264,0.42966282781190834,1.2504115478454914,57,53,29,1,acute_11,acute_saline,CITWAY,1.0396048264919149,True,0.012783333333345581
2629,17.0,0.06882591093117409,2.536272784350754,0.8401590237266585,57,54,30,1,acute_11,acute_saline,CITWAY,0.7780246713917963,True,0.03360000000020591
2630,67.0,0.23344947735191637,10.25648520387277,0.5737682563280521,57,55,18,1,acute_11,acute_saline,CITWAY,0.5052897018347638,True,0.041433333333316114
2634,24.0,0.096,0.31470195625814745,1.0062482631091862,57,62,23,1,acute_11,acute_saline,CITWAY,0.9963705510239047,False,0.024066666666612946
